--
-- PostgreSQL database cluster dump
--

\restrict sX28JXEjzbujlr1jUb9Wh0L70fMR0Ie80BKdJ0ocxNDGaBdTrEIbVfnixS9Giwv

SET default_transaction_read_only = off;

SET client_encoding = 'UTF8';
SET standard_conforming_strings = on;

--
-- Drop databases (except postgres and template1)
--

DROP DATABASE auth_db;




--
-- Drop roles
--

DROP ROLE admin_identity;


--
-- Roles
--

CREATE ROLE admin_identity;
ALTER ROLE admin_identity WITH SUPERUSER INHERIT CREATEROLE CREATEDB LOGIN REPLICATION BYPASSRLS PASSWORD 'SCRAM-SHA-256$4096:YkNKf86gHfqujMwvVWiHFA==$ZnA7cGdWLEy/hB/+T9cXGkI5uUel+faLD2MVw0pX8RY=:VtFdM4Q/C8CZoMACid+zlJtAbD49mtMyFEu54Ekaqik=';

--
-- User Configurations
--








\unrestrict sX28JXEjzbujlr1jUb9Wh0L70fMR0Ie80BKdJ0ocxNDGaBdTrEIbVfnixS9Giwv

--
-- Databases
--

--
-- Database "template1" dump
--

--
-- PostgreSQL database dump
--

\restrict 9wg12zopt9CdEc6SLT9QZXn9pEbPm0cxnfCgnk9Qp93E0HacLJf7nZiVcrqbMhG

-- Dumped from database version 15.17
-- Dumped by pg_dump version 15.17

SET statement_timeout = 0;
SET lock_timeout = 0;
SET idle_in_transaction_session_timeout = 0;
SET client_encoding = 'UTF8';
SET standard_conforming_strings = on;
SELECT pg_catalog.set_config('search_path', '', false);
SET check_function_bodies = false;
SET xmloption = content;
SET client_min_messages = warning;
SET row_security = off;

UPDATE pg_catalog.pg_database SET datistemplate = false WHERE datname = 'template1';
DROP DATABASE template1;
--
-- Name: template1; Type: DATABASE; Schema: -; Owner: admin_identity
--

CREATE DATABASE template1 WITH TEMPLATE = template0 ENCODING = 'UTF8' LOCALE_PROVIDER = libc LOCALE = 'en_US.utf8';


ALTER DATABASE template1 OWNER TO admin_identity;

\unrestrict 9wg12zopt9CdEc6SLT9QZXn9pEbPm0cxnfCgnk9Qp93E0HacLJf7nZiVcrqbMhG
\connect template1
\restrict 9wg12zopt9CdEc6SLT9QZXn9pEbPm0cxnfCgnk9Qp93E0HacLJf7nZiVcrqbMhG

SET statement_timeout = 0;
SET lock_timeout = 0;
SET idle_in_transaction_session_timeout = 0;
SET client_encoding = 'UTF8';
SET standard_conforming_strings = on;
SELECT pg_catalog.set_config('search_path', '', false);
SET check_function_bodies = false;
SET xmloption = content;
SET client_min_messages = warning;
SET row_security = off;

--
-- Name: DATABASE template1; Type: COMMENT; Schema: -; Owner: admin_identity
--

COMMENT ON DATABASE template1 IS 'default template for new databases';


--
-- Name: template1; Type: DATABASE PROPERTIES; Schema: -; Owner: admin_identity
--

ALTER DATABASE template1 IS_TEMPLATE = true;


\unrestrict 9wg12zopt9CdEc6SLT9QZXn9pEbPm0cxnfCgnk9Qp93E0HacLJf7nZiVcrqbMhG
\connect template1
\restrict 9wg12zopt9CdEc6SLT9QZXn9pEbPm0cxnfCgnk9Qp93E0HacLJf7nZiVcrqbMhG

SET statement_timeout = 0;
SET lock_timeout = 0;
SET idle_in_transaction_session_timeout = 0;
SET client_encoding = 'UTF8';
SET standard_conforming_strings = on;
SELECT pg_catalog.set_config('search_path', '', false);
SET check_function_bodies = false;
SET xmloption = content;
SET client_min_messages = warning;
SET row_security = off;

--
-- Name: DATABASE template1; Type: ACL; Schema: -; Owner: admin_identity
--

REVOKE CONNECT,TEMPORARY ON DATABASE template1 FROM PUBLIC;
GRANT CONNECT ON DATABASE template1 TO PUBLIC;


--
-- PostgreSQL database dump complete
--

\unrestrict 9wg12zopt9CdEc6SLT9QZXn9pEbPm0cxnfCgnk9Qp93E0HacLJf7nZiVcrqbMhG

--
-- Database "auth_db" dump
--

--
-- PostgreSQL database dump
--

\restrict KkKJ76n2aeagSBNHvmcpY1nKtqTAjpXg5W9SyywPUZDEsfe7gpw3gJGfJCdibEc

-- Dumped from database version 15.17
-- Dumped by pg_dump version 15.17

SET statement_timeout = 0;
SET lock_timeout = 0;
SET idle_in_transaction_session_timeout = 0;
SET client_encoding = 'UTF8';
SET standard_conforming_strings = on;
SELECT pg_catalog.set_config('search_path', '', false);
SET check_function_bodies = false;
SET xmloption = content;
SET client_min_messages = warning;
SET row_security = off;

--
-- Name: auth_db; Type: DATABASE; Schema: -; Owner: admin_identity
--

CREATE DATABASE auth_db WITH TEMPLATE = template0 ENCODING = 'UTF8' LOCALE_PROVIDER = libc LOCALE = 'en_US.utf8';


ALTER DATABASE auth_db OWNER TO admin_identity;

\unrestrict KkKJ76n2aeagSBNHvmcpY1nKtqTAjpXg5W9SyywPUZDEsfe7gpw3gJGfJCdibEc
\connect auth_db
\restrict KkKJ76n2aeagSBNHvmcpY1nKtqTAjpXg5W9SyywPUZDEsfe7gpw3gJGfJCdibEc

SET statement_timeout = 0;
SET lock_timeout = 0;
SET idle_in_transaction_session_timeout = 0;
SET client_encoding = 'UTF8';
SET standard_conforming_strings = on;
SELECT pg_catalog.set_config('search_path', '', false);
SET check_function_bodies = false;
SET xmloption = content;
SET client_min_messages = warning;
SET row_security = off;

SET default_tablespace = '';

SET default_table_access_method = heap;

--
-- Name: auth_group; Type: TABLE; Schema: public; Owner: admin_identity
--

CREATE TABLE public.auth_group (
    id integer NOT NULL,
    name character varying(150) NOT NULL
);


ALTER TABLE public.auth_group OWNER TO admin_identity;

--
-- Name: auth_group_id_seq; Type: SEQUENCE; Schema: public; Owner: admin_identity
--

ALTER TABLE public.auth_group ALTER COLUMN id ADD GENERATED BY DEFAULT AS IDENTITY (
    SEQUENCE NAME public.auth_group_id_seq
    START WITH 1
    INCREMENT BY 1
    NO MINVALUE
    NO MAXVALUE
    CACHE 1
);


--
-- Name: auth_group_permissions; Type: TABLE; Schema: public; Owner: admin_identity
--

CREATE TABLE public.auth_group_permissions (
    id bigint NOT NULL,
    group_id integer NOT NULL,
    permission_id integer NOT NULL
);


ALTER TABLE public.auth_group_permissions OWNER TO admin_identity;

--
-- Name: auth_group_permissions_id_seq; Type: SEQUENCE; Schema: public; Owner: admin_identity
--

ALTER TABLE public.auth_group_permissions ALTER COLUMN id ADD GENERATED BY DEFAULT AS IDENTITY (
    SEQUENCE NAME public.auth_group_permissions_id_seq
    START WITH 1
    INCREMENT BY 1
    NO MINVALUE
    NO MAXVALUE
    CACHE 1
);


--
-- Name: auth_permission; Type: TABLE; Schema: public; Owner: admin_identity
--

CREATE TABLE public.auth_permission (
    id integer NOT NULL,
    name character varying(255) NOT NULL,
    content_type_id integer NOT NULL,
    codename character varying(100) NOT NULL
);


ALTER TABLE public.auth_permission OWNER TO admin_identity;

--
-- Name: auth_permission_id_seq; Type: SEQUENCE; Schema: public; Owner: admin_identity
--

ALTER TABLE public.auth_permission ALTER COLUMN id ADD GENERATED BY DEFAULT AS IDENTITY (
    SEQUENCE NAME public.auth_permission_id_seq
    START WITH 1
    INCREMENT BY 1
    NO MINVALUE
    NO MAXVALUE
    CACHE 1
);


--
-- Name: django_admin_log; Type: TABLE; Schema: public; Owner: admin_identity
--

CREATE TABLE public.django_admin_log (
    id integer NOT NULL,
    action_time timestamp with time zone NOT NULL,
    object_id text,
    object_repr character varying(200) NOT NULL,
    action_flag smallint NOT NULL,
    change_message text NOT NULL,
    content_type_id integer,
    user_id bigint NOT NULL,
    CONSTRAINT django_admin_log_action_flag_check CHECK ((action_flag >= 0))
);


ALTER TABLE public.django_admin_log OWNER TO admin_identity;

--
-- Name: django_admin_log_id_seq; Type: SEQUENCE; Schema: public; Owner: admin_identity
--

ALTER TABLE public.django_admin_log ALTER COLUMN id ADD GENERATED BY DEFAULT AS IDENTITY (
    SEQUENCE NAME public.django_admin_log_id_seq
    START WITH 1
    INCREMENT BY 1
    NO MINVALUE
    NO MAXVALUE
    CACHE 1
);


--
-- Name: django_content_type; Type: TABLE; Schema: public; Owner: admin_identity
--

CREATE TABLE public.django_content_type (
    id integer NOT NULL,
    app_label character varying(100) NOT NULL,
    model character varying(100) NOT NULL
);


ALTER TABLE public.django_content_type OWNER TO admin_identity;

--
-- Name: django_content_type_id_seq; Type: SEQUENCE; Schema: public; Owner: admin_identity
--

ALTER TABLE public.django_content_type ALTER COLUMN id ADD GENERATED BY DEFAULT AS IDENTITY (
    SEQUENCE NAME public.django_content_type_id_seq
    START WITH 1
    INCREMENT BY 1
    NO MINVALUE
    NO MAXVALUE
    CACHE 1
);


--
-- Name: django_migrations; Type: TABLE; Schema: public; Owner: admin_identity
--

CREATE TABLE public.django_migrations (
    id bigint NOT NULL,
    app character varying(255) NOT NULL,
    name character varying(255) NOT NULL,
    applied timestamp with time zone NOT NULL
);


ALTER TABLE public.django_migrations OWNER TO admin_identity;

--
-- Name: django_migrations_id_seq; Type: SEQUENCE; Schema: public; Owner: admin_identity
--

ALTER TABLE public.django_migrations ALTER COLUMN id ADD GENERATED BY DEFAULT AS IDENTITY (
    SEQUENCE NAME public.django_migrations_id_seq
    START WITH 1
    INCREMENT BY 1
    NO MINVALUE
    NO MAXVALUE
    CACHE 1
);


--
-- Name: django_session; Type: TABLE; Schema: public; Owner: admin_identity
--

CREATE TABLE public.django_session (
    session_key character varying(40) NOT NULL,
    session_data text NOT NULL,
    expire_date timestamp with time zone NOT NULL
);


ALTER TABLE public.django_session OWNER TO admin_identity;

--
-- Name: token_blacklist_blacklistedtoken; Type: TABLE; Schema: public; Owner: admin_identity
--

CREATE TABLE public.token_blacklist_blacklistedtoken (
    id bigint NOT NULL,
    blacklisted_at timestamp with time zone NOT NULL,
    token_id bigint NOT NULL
);


ALTER TABLE public.token_blacklist_blacklistedtoken OWNER TO admin_identity;

--
-- Name: token_blacklist_blacklistedtoken_id_seq; Type: SEQUENCE; Schema: public; Owner: admin_identity
--

ALTER TABLE public.token_blacklist_blacklistedtoken ALTER COLUMN id ADD GENERATED BY DEFAULT AS IDENTITY (
    SEQUENCE NAME public.token_blacklist_blacklistedtoken_id_seq
    START WITH 1
    INCREMENT BY 1
    NO MINVALUE
    NO MAXVALUE
    CACHE 1
);


--
-- Name: token_blacklist_outstandingtoken; Type: TABLE; Schema: public; Owner: admin_identity
--

CREATE TABLE public.token_blacklist_outstandingtoken (
    id bigint NOT NULL,
    token text NOT NULL,
    created_at timestamp with time zone,
    expires_at timestamp with time zone NOT NULL,
    user_id bigint,
    jti character varying(255) NOT NULL
);


ALTER TABLE public.token_blacklist_outstandingtoken OWNER TO admin_identity;

--
-- Name: token_blacklist_outstandingtoken_id_seq; Type: SEQUENCE; Schema: public; Owner: admin_identity
--

ALTER TABLE public.token_blacklist_outstandingtoken ALTER COLUMN id ADD GENERATED BY DEFAULT AS IDENTITY (
    SEQUENCE NAME public.token_blacklist_outstandingtoken_id_seq
    START WITH 1
    INCREMENT BY 1
    NO MINVALUE
    NO MAXVALUE
    CACHE 1
);


--
-- Name: users_auditlog; Type: TABLE; Schema: public; Owner: admin_identity
--

CREATE TABLE public.users_auditlog (
    id bigint NOT NULL,
    action character varying(50) NOT NULL,
    ip_address inet,
    user_agent text,
    details jsonb NOT NULL,
    "timestamp" timestamp with time zone NOT NULL,
    user_id bigint
);


ALTER TABLE public.users_auditlog OWNER TO admin_identity;

--
-- Name: users_auditlog_id_seq; Type: SEQUENCE; Schema: public; Owner: admin_identity
--

ALTER TABLE public.users_auditlog ALTER COLUMN id ADD GENERATED BY DEFAULT AS IDENTITY (
    SEQUENCE NAME public.users_auditlog_id_seq
    START WITH 1
    INCREMENT BY 1
    NO MINVALUE
    NO MAXVALUE
    CACHE 1
);


--
-- Name: users_user; Type: TABLE; Schema: public; Owner: admin_identity
--

CREATE TABLE public.users_user (
    id bigint NOT NULL,
    password character varying(128) NOT NULL,
    last_login timestamp with time zone,
    is_superuser boolean NOT NULL,
    first_name character varying(150) NOT NULL,
    last_name character varying(150) NOT NULL,
    is_staff boolean NOT NULL,
    is_active boolean NOT NULL,
    date_joined timestamp with time zone NOT NULL,
    email character varying(254) NOT NULL,
    full_name character varying(150) NOT NULL,
    role character varying(20) NOT NULL,
    phone character varying(20),
    status character varying(50) NOT NULL,
    registration_date date NOT NULL,
    birth_date date,
    marital_status character varying(45) NOT NULL,
    curp_rfc character varying(45) NOT NULL,
    address character varying(255) NOT NULL,
    postal_code character varying(10) NOT NULL,
    state character varying(50) NOT NULL,
    municipality character varying(50) NOT NULL,
    housing_status character varying(50) NOT NULL,
    person_type character varying(10) NOT NULL,
    admin_creator character varying(50),
    location character varying(50),
    deleted_at timestamp with time zone
);


ALTER TABLE public.users_user OWNER TO admin_identity;

--
-- Name: users_user_groups; Type: TABLE; Schema: public; Owner: admin_identity
--

CREATE TABLE public.users_user_groups (
    id bigint NOT NULL,
    user_id bigint NOT NULL,
    group_id integer NOT NULL
);


ALTER TABLE public.users_user_groups OWNER TO admin_identity;

--
-- Name: users_user_groups_id_seq; Type: SEQUENCE; Schema: public; Owner: admin_identity
--

ALTER TABLE public.users_user_groups ALTER COLUMN id ADD GENERATED BY DEFAULT AS IDENTITY (
    SEQUENCE NAME public.users_user_groups_id_seq
    START WITH 1
    INCREMENT BY 1
    NO MINVALUE
    NO MAXVALUE
    CACHE 1
);


--
-- Name: users_user_id_seq; Type: SEQUENCE; Schema: public; Owner: admin_identity
--

ALTER TABLE public.users_user ALTER COLUMN id ADD GENERATED BY DEFAULT AS IDENTITY (
    SEQUENCE NAME public.users_user_id_seq
    START WITH 1
    INCREMENT BY 1
    NO MINVALUE
    NO MAXVALUE
    CACHE 1
);


--
-- Name: users_user_user_permissions; Type: TABLE; Schema: public; Owner: admin_identity
--

CREATE TABLE public.users_user_user_permissions (
    id bigint NOT NULL,
    user_id bigint NOT NULL,
    permission_id integer NOT NULL
);


ALTER TABLE public.users_user_user_permissions OWNER TO admin_identity;

--
-- Name: users_user_user_permissions_id_seq; Type: SEQUENCE; Schema: public; Owner: admin_identity
--

ALTER TABLE public.users_user_user_permissions ALTER COLUMN id ADD GENERATED BY DEFAULT AS IDENTITY (
    SEQUENCE NAME public.users_user_user_permissions_id_seq
    START WITH 1
    INCREMENT BY 1
    NO MINVALUE
    NO MAXVALUE
    CACHE 1
);


--
-- Data for Name: auth_group; Type: TABLE DATA; Schema: public; Owner: admin_identity
--

COPY public.auth_group (id, name) FROM stdin;
\.


--
-- Data for Name: auth_group_permissions; Type: TABLE DATA; Schema: public; Owner: admin_identity
--

COPY public.auth_group_permissions (id, group_id, permission_id) FROM stdin;
\.


--
-- Data for Name: auth_permission; Type: TABLE DATA; Schema: public; Owner: admin_identity
--

COPY public.auth_permission (id, name, content_type_id, codename) FROM stdin;
1	Can add log entry	1	add_logentry
2	Can change log entry	1	change_logentry
3	Can delete log entry	1	delete_logentry
4	Can view log entry	1	view_logentry
5	Can add permission	2	add_permission
6	Can change permission	2	change_permission
7	Can delete permission	2	delete_permission
8	Can view permission	2	view_permission
9	Can add group	3	add_group
10	Can change group	3	change_group
11	Can delete group	3	delete_group
12	Can view group	3	view_group
13	Can add content type	4	add_contenttype
14	Can change content type	4	change_contenttype
15	Can delete content type	4	delete_contenttype
16	Can view content type	4	view_contenttype
17	Can add session	5	add_session
18	Can change session	5	change_session
19	Can delete session	5	delete_session
20	Can view session	5	view_session
21	Can add user	6	add_user
22	Can change user	6	change_user
23	Can delete user	6	delete_user
24	Can view user	6	view_user
25	Can add Blacklisted Token	7	add_blacklistedtoken
26	Can change Blacklisted Token	7	change_blacklistedtoken
27	Can delete Blacklisted Token	7	delete_blacklistedtoken
28	Can view Blacklisted Token	7	view_blacklistedtoken
29	Can add Outstanding Token	8	add_outstandingtoken
30	Can change Outstanding Token	8	change_outstandingtoken
31	Can delete Outstanding Token	8	delete_outstandingtoken
32	Can view Outstanding Token	8	view_outstandingtoken
33	Can add audit log	9	add_auditlog
34	Can change audit log	9	change_auditlog
35	Can delete audit log	9	delete_auditlog
36	Can view audit log	9	view_auditlog
\.


--
-- Data for Name: django_admin_log; Type: TABLE DATA; Schema: public; Owner: admin_identity
--

COPY public.django_admin_log (id, action_time, object_id, object_repr, action_flag, change_message, content_type_id, user_id) FROM stdin;
\.


--
-- Data for Name: django_content_type; Type: TABLE DATA; Schema: public; Owner: admin_identity
--

COPY public.django_content_type (id, app_label, model) FROM stdin;
1	admin	logentry
2	auth	permission
3	auth	group
4	contenttypes	contenttype
5	sessions	session
6	users	user
7	token_blacklist	blacklistedtoken
8	token_blacklist	outstandingtoken
9	users	auditlog
\.


--
-- Data for Name: django_migrations; Type: TABLE DATA; Schema: public; Owner: admin_identity
--

COPY public.django_migrations (id, app, name, applied) FROM stdin;
1	contenttypes	0001_initial	2026-03-07 00:23:05.936486+00
2	contenttypes	0002_remove_content_type_name	2026-03-07 00:23:05.942472+00
3	auth	0001_initial	2026-03-07 00:23:05.978652+00
4	auth	0002_alter_permission_name_max_length	2026-03-07 00:23:05.98198+00
5	auth	0003_alter_user_email_max_length	2026-03-07 00:23:05.98555+00
6	auth	0004_alter_user_username_opts	2026-03-07 00:23:05.988794+00
7	auth	0005_alter_user_last_login_null	2026-03-07 00:23:05.992655+00
8	auth	0006_require_contenttypes_0002	2026-03-07 00:23:05.995229+00
9	auth	0007_alter_validators_add_error_messages	2026-03-07 00:23:05.998769+00
10	auth	0008_alter_user_username_max_length	2026-03-07 00:23:06.003502+00
11	auth	0009_alter_user_last_name_max_length	2026-03-07 00:23:06.00732+00
12	auth	0010_alter_group_name_max_length	2026-03-07 00:23:06.012345+00
13	auth	0011_update_proxy_permissions	2026-03-07 00:23:06.016268+00
14	auth	0012_alter_user_first_name_max_length	2026-03-07 00:23:06.020303+00
19	sessions	0001_initial	2026-03-07 00:23:06.111963+00
20	users	0001_initial	2026-03-17 01:59:13.289647+00
21	admin	0001_initial	2026-03-17 02:00:19.766899+00
22	admin	0002_logentry_remove_auto_add	2026-03-17 02:00:19.773643+00
23	admin	0003_logentry_add_action_flag_choices	2026-03-17 02:00:19.778618+00
24	token_blacklist	0001_initial	2026-03-17 02:00:19.824054+00
25	token_blacklist	0002_outstandingtoken_jti_hex	2026-03-17 02:00:19.828429+00
26	token_blacklist	0003_auto_20171017_2007	2026-03-17 02:00:19.834064+00
27	token_blacklist	0004_auto_20171017_2013	2026-03-17 02:00:19.847334+00
28	token_blacklist	0005_remove_outstandingtoken_jti	2026-03-17 02:00:19.856066+00
29	token_blacklist	0006_auto_20171017_2113	2026-03-17 02:00:19.862139+00
30	token_blacklist	0007_auto_20171017_2214	2026-03-17 02:00:19.881204+00
31	token_blacklist	0008_migrate_to_bigautofield	2026-03-17 02:00:19.921989+00
32	token_blacklist	0010_fix_migrate_to_bigautofield	2026-03-17 02:00:19.928222+00
33	token_blacklist	0011_linearizes_history	2026-03-17 02:00:19.930129+00
34	token_blacklist	0012_alter_outstandingtoken_user	2026-03-17 02:00:19.93464+00
35	token_blacklist	0013_alter_blacklistedtoken_options_and_more	2026-03-17 02:00:19.941701+00
36	users	0002_auditlog	2026-03-20 02:41:36.615764+00
37	users	0003_user_deleted_at_alter_auditlog_action	2026-03-23 05:32:34.808413+00
\.


--
-- Data for Name: django_session; Type: TABLE DATA; Schema: public; Owner: admin_identity
--

COPY public.django_session (session_key, session_data, expire_date) FROM stdin;
\.


--
-- Data for Name: token_blacklist_blacklistedtoken; Type: TABLE DATA; Schema: public; Owner: admin_identity
--

COPY public.token_blacklist_blacklistedtoken (id, blacklisted_at, token_id) FROM stdin;
9	2026-03-18 16:41:06.490219+00	22
10	2026-03-18 16:42:37.300356+00	24
11	2026-03-19 03:16:59.487566+00	38
12	2026-03-19 05:08:40.279513+00	101
13	2026-03-20 02:27:20.146489+00	124
14	2026-03-20 02:30:02.6296+00	128
15	2026-03-20 02:33:13.942774+00	131
16	2026-03-20 02:44:37.015632+00	133
17	2026-03-20 02:50:37.774973+00	138
18	2026-03-20 02:50:53.483911+00	139
50	2026-03-23 03:47:12.523255+00	213
51	2026-03-23 03:49:28.006279+00	214
52	2026-03-23 03:54:54.214934+00	217
53	2026-03-23 06:41:50.34276+00	246
\.


--
-- Data for Name: token_blacklist_outstandingtoken; Type: TABLE DATA; Schema: public; Owner: admin_identity
--

COPY public.token_blacklist_outstandingtoken (id, token, created_at, expires_at, user_id, jti) FROM stdin;
22	eyJhbGciOiJIUzI1NiIsInR5cCI6IkpXVCJ9.eyJ0b2tlbl90eXBlIjoicmVmcmVzaCIsImV4cCI6MTc3MzkzODQ2MCwiaWF0IjoxNzczODUyMDYwLCJqdGkiOiI1MDBlMmMwZDA5MDQ0ZDUyYTZhZTkwZmM5MGRkOTRhYyIsInVzZXJfaWQiOiIxOSJ9.Tk8iiSf5XNTJeSYPs5iiLGhrqov-UlKmKATqB0eTZRc	2026-03-18 16:41:00.237114+00	2026-03-19 16:41:00+00	19	500e2c0d09044d52a6ae90fc90dd94ac
23	eyJhbGciOiJIUzI1NiIsInR5cCI6IkpXVCJ9.eyJ0b2tlbl90eXBlIjoicmVmcmVzaCIsImV4cCI6MTc3MzkzODUyOSwiaWF0IjoxNzczODUyMTI5LCJqdGkiOiIzNDNiM2Y4NWY5ZDM0NmZkODc4NDYyN2RmYTVjYWNlNyIsInVzZXJfaWQiOiIxOSJ9.nc_OTEDY_m5ykrTNXJTok5oIjDGnnzblPidGezzEjvQ	2026-03-18 16:42:09.638036+00	2026-03-19 16:42:09+00	19	343b3f85f9d346fd8784627dfa5cace7
24	eyJhbGciOiJIUzI1NiIsInR5cCI6IkpXVCJ9.eyJ0b2tlbl90eXBlIjoicmVmcmVzaCIsImV4cCI6MTc3MzkzODUzOCwiaWF0IjoxNzczODUyMTM4LCJqdGkiOiIxMGMzMjhmMGQzZWE0Y2ZhYmUyOGZlMzI3ZjQ5MGViNSIsInVzZXJfaWQiOiIxOSJ9.h80qdYm5LeUzkjmm2hokAvx3M8qtjrOsA0IdUr37p1A	2026-03-18 16:42:18.374862+00	2026-03-19 16:42:18+00	19	10c328f0d3ea4cfabe28fe327f490eb5
25	eyJhbGciOiJIUzI1NiIsInR5cCI6IkpXVCJ9.eyJ0b2tlbl90eXBlIjoicmVmcmVzaCIsImV4cCI6MTc3Mzk3MTQxNiwiaWF0IjoxNzczODg1MDE2LCJqdGkiOiJiZmYyY2I5NzA0Mjg0ODNhOWYzYjkyMzkxNWYwZGQwOCIsInVzZXJfaWQiOiIxOSJ9.6S1i5ZkZNWP_G1ba9N1zXfTFnw_brXUuNODwYPOS3zY	2026-03-19 01:50:16.663746+00	2026-03-20 01:50:16+00	19	bff2cb970428483a9f3b923915f0dd08
26	eyJhbGciOiJIUzI1NiIsInR5cCI6IkpXVCJ9.eyJ0b2tlbl90eXBlIjoicmVmcmVzaCIsImV4cCI6MTc3Mzk3MTk2NiwiaWF0IjoxNzczODg1NTY2LCJqdGkiOiI2NTdmZTQ2M2RmNmU0NTJlOWIzY2U3NzRlMDViZTU5YSIsInVzZXJfaWQiOiIxOSIsInJvbGUiOiJDTElFTlRFIiwiZnVsbF9uYW1lIjoiXHUwMGMxbmdlbCBHdXN0YXZvIE5hdmFycm8gR3V6bVx1MDBlMW4ifQ.T_wcwyAZkFofad1MaC1gNx3O6aUle1vMrqCAqRh6UGM	2026-03-19 01:59:26.287864+00	2026-03-20 01:59:26+00	19	657fe463df6e452e9b3ce774e05be59a
27	eyJhbGciOiJIUzI1NiIsInR5cCI6IkpXVCJ9.eyJ0b2tlbl90eXBlIjoicmVmcmVzaCIsImV4cCI6MTc3Mzk3MTk2NiwiaWF0IjoxNzczODg1NTY2LCJqdGkiOiI3MzM3ZWVmNmQyZjY0YWQ5OGQxYjhlNjQ5YmUyMTMyYSIsInVzZXJfaWQiOiIxOSIsInJvbGUiOiJDTElFTlRFIiwiZnVsbF9uYW1lIjoiXHUwMGMxbmdlbCBHdXN0YXZvIE5hdmFycm8gR3V6bVx1MDBlMW4ifQ.kTior6YXL9gsZ72cLX2YkaEUoXZidpJOl7HXAXnA05c	2026-03-19 01:59:26.373265+00	2026-03-20 01:59:26+00	19	7337eef6d2f64ad98d1b8e649be2132a
28	eyJhbGciOiJIUzI1NiIsInR5cCI6IkpXVCJ9.eyJ0b2tlbl90eXBlIjoicmVmcmVzaCIsImV4cCI6MTc3Mzk3MjM1NywiaWF0IjoxNzczODg1OTU3LCJqdGkiOiIzMzEwM2QzMzI2N2U0NTJiYTQwODRlMjZlMzVlMDcyMSIsInVzZXJfaWQiOiIxOSIsInJvbGUiOiJDTElFTlRFIiwiZnVsbF9uYW1lIjoiXHUwMGMxbmdlbCBHdXN0YXZvIE5hdmFycm8gR3V6bVx1MDBlMW4ifQ.gtvUkItALvC6oeMCfEXPeVBOV37rdwD-K8TEapv8H1Q	2026-03-19 02:05:57.280729+00	2026-03-20 02:05:57+00	19	33103d33267e452ba4084e26e35e0721
29	eyJhbGciOiJIUzI1NiIsInR5cCI6IkpXVCJ9.eyJ0b2tlbl90eXBlIjoicmVmcmVzaCIsImV4cCI6MTc3Mzk3MjM1NywiaWF0IjoxNzczODg1OTU3LCJqdGkiOiJiNjFhYmU5NzljNjQ0MTdjYmZlMTJmM2Y3ZjFjMDVkNiIsInVzZXJfaWQiOiIxOSIsInJvbGUiOiJDTElFTlRFIiwiZnVsbF9uYW1lIjoiXHUwMGMxbmdlbCBHdXN0YXZvIE5hdmFycm8gR3V6bVx1MDBlMW4ifQ.jcED9Iq0xLeD-Cc2gqGD2_hV1OZxm3jFaZYnFRwauKw	2026-03-19 02:05:57.357544+00	2026-03-20 02:05:57+00	19	b61abe979c64417cbfe12f3f7f1c05d6
30	eyJhbGciOiJIUzI1NiIsInR5cCI6IkpXVCJ9.eyJ0b2tlbl90eXBlIjoicmVmcmVzaCIsImV4cCI6MTc3Mzk3Mjc0NiwiaWF0IjoxNzczODg2MzQ2LCJqdGkiOiIwZDVlZGQzNzRmOTg0MTIyYmY3YmVmZmU0MGI3ZjYwOCIsInVzZXJfaWQiOiIxOSIsInJvbGUiOiJDTElFTlRFIiwiZnVsbF9uYW1lIjoiXHUwMGMxbmdlbCBHdXN0YXZvIE5hdmFycm8gR3V6bVx1MDBlMW4ifQ.Xuv9vjJHRqHYMvg9NLNyf6AjwzUhGmgk6LeWZqwuaOE	2026-03-19 02:12:26.35199+00	2026-03-20 02:12:26+00	19	0d5edd374f984122bf7beffe40b7f608
31	eyJhbGciOiJIUzI1NiIsInR5cCI6IkpXVCJ9.eyJ0b2tlbl90eXBlIjoicmVmcmVzaCIsImV4cCI6MTc3Mzk3Mjc0NiwiaWF0IjoxNzczODg2MzQ2LCJqdGkiOiJkZTEyOWI4YWRjNjU0Y2FjYWJiMDVhZjFlMDNjYjYwMiIsInVzZXJfaWQiOiIxOSIsInJvbGUiOiJDTElFTlRFIiwiZnVsbF9uYW1lIjoiXHUwMGMxbmdlbCBHdXN0YXZvIE5hdmFycm8gR3V6bVx1MDBlMW4ifQ.2ONZr2VNaKXDc831PgUBS-bVtMKE0aiLBGC12T4OztI	2026-03-19 02:12:26.435266+00	2026-03-20 02:12:26+00	19	de129b8adc654cacabb05af1e03cb602
32	eyJhbGciOiJIUzI1NiIsInR5cCI6IkpXVCJ9.eyJ0b2tlbl90eXBlIjoicmVmcmVzaCIsImV4cCI6MTc3Mzk3MzAxNywiaWF0IjoxNzczODg2NjE3LCJqdGkiOiJiMmJiNjEwMjk0ZGU0ZmZjOWNlYWNjOGU5M2RmNGM3NCIsInVzZXJfaWQiOiIxOSIsInJvbGUiOiJDTElFTlRFIiwiZnVsbF9uYW1lIjoiXHUwMGMxbmdlbCBHdXN0YXZvIE5hdmFycm8gR3V6bVx1MDBlMW4ifQ.bHcfxZb6IQafzwQ7aCNq4-JeWgtvC-MdznyOImsB6i0	2026-03-19 02:16:57.383278+00	2026-03-20 02:16:57+00	19	b2bb610294de4ffc9ceacc8e93df4c74
33	eyJhbGciOiJIUzI1NiIsInR5cCI6IkpXVCJ9.eyJ0b2tlbl90eXBlIjoicmVmcmVzaCIsImV4cCI6MTc3Mzk3MzAxNywiaWF0IjoxNzczODg2NjE3LCJqdGkiOiJlOTQ0OTliMGQ3ZDE0MGFiOTcxMWYxODVkMmVhYzA3ZCIsInVzZXJfaWQiOiIxOSIsInJvbGUiOiJDTElFTlRFIiwiZnVsbF9uYW1lIjoiXHUwMGMxbmdlbCBHdXN0YXZvIE5hdmFycm8gR3V6bVx1MDBlMW4ifQ.QLKvj9QJRUSAxVWqiLCGlJrIx-RKJSNEDYdwxPR__6s	2026-03-19 02:16:57.514499+00	2026-03-20 02:16:57+00	19	e94499b0d7d140ab9711f185d2eac07d
34	eyJhbGciOiJIUzI1NiIsInR5cCI6IkpXVCJ9.eyJ0b2tlbl90eXBlIjoicmVmcmVzaCIsImV4cCI6MTc3Mzk3NjEzMiwiaWF0IjoxNzczODg5NzMyLCJqdGkiOiI0Y2Y2OTNlZGYwZjI0MzQ1OTgwNzEwMDJlODY4OWRjYiIsInVzZXJfaWQiOiIxOSIsInJvbGUiOiJDTElFTlRFIiwiZnVsbF9uYW1lIjoiXHUwMGMxbmdlbCBHdXN0YXZvIE5hdmFycm8gR3V6bVx1MDBlMW4ifQ.kC7FlOyn5NLF2te9AOUhTB5AM02OCdGVQL4CG9PrBEA	2026-03-19 03:08:52.647096+00	2026-03-20 03:08:52+00	19	4cf693edf0f2434598071002e8689dcb
35	eyJhbGciOiJIUzI1NiIsInR5cCI6IkpXVCJ9.eyJ0b2tlbl90eXBlIjoicmVmcmVzaCIsImV4cCI6MTc3Mzk3NjEzMiwiaWF0IjoxNzczODg5NzMyLCJqdGkiOiI2ZTBkOWFkNTEyMTQ0NDgzYTU1YjdlODM4ODJhMjQxMCIsInVzZXJfaWQiOiIxOSIsInJvbGUiOiJDTElFTlRFIiwiZnVsbF9uYW1lIjoiXHUwMGMxbmdlbCBHdXN0YXZvIE5hdmFycm8gR3V6bVx1MDBlMW4ifQ.iKcr-zJHA7LD5IuivogsSaSOUFtlHFIiaDq9orwJ_g8	2026-03-19 03:08:52.749613+00	2026-03-20 03:08:52+00	19	6e0d9ad512144483a55b7e83882a2410
36	eyJhbGciOiJIUzI1NiIsInR5cCI6IkpXVCJ9.eyJ0b2tlbl90eXBlIjoicmVmcmVzaCIsImV4cCI6MTc3Mzk3NjM5OCwiaWF0IjoxNzczODg5OTk4LCJqdGkiOiI1NWU4ZWQ4MjJjOTY0Nzk1YWNkNTlmMjVlY2VmMThiMiIsInVzZXJfaWQiOiIxOSIsInJvbGUiOiJDTElFTlRFIiwiZnVsbF9uYW1lIjoiXHUwMGMxbmdlbCBHdXN0YXZvIE5hdmFycm8gR3V6bVx1MDBlMW4ifQ.YE5_bW1v3g9EybAz07n0bb_kgakoYLj-praCuUipHJQ	2026-03-19 03:13:18.229774+00	2026-03-20 03:13:18+00	19	55e8ed822c964795acd59f25ecef18b2
37	eyJhbGciOiJIUzI1NiIsInR5cCI6IkpXVCJ9.eyJ0b2tlbl90eXBlIjoicmVmcmVzaCIsImV4cCI6MTc3Mzk3NjM5OCwiaWF0IjoxNzczODg5OTk4LCJqdGkiOiJlYTRjODI2ZWU2OGQ0Mzk4OTI3NTA0ZDc4MmIxZGQ5NCIsInVzZXJfaWQiOiIxOSIsInJvbGUiOiJDTElFTlRFIiwiZnVsbF9uYW1lIjoiXHUwMGMxbmdlbCBHdXN0YXZvIE5hdmFycm8gR3V6bVx1MDBlMW4ifQ.f7knAGhzO9wOx57Pt6uS_20hGpZHAbLOL_y2e8BDzTc	2026-03-19 03:13:18.319379+00	2026-03-20 03:13:18+00	19	ea4c826ee68d4398927504d782b1dd94
38	eyJhbGciOiJIUzI1NiIsInR5cCI6IkpXVCJ9.eyJ0b2tlbl90eXBlIjoicmVmcmVzaCIsImV4cCI6MTc3Mzk3NjQ0NywiaWF0IjoxNzczODkwMDQ3LCJqdGkiOiJiNWNlNThmYTAwOGQ0NjMyYWE0NjFhZWZmY2U1YTUwYSIsInVzZXJfaWQiOiIxOSIsInJvbGUiOiJDTElFTlRFIiwiZnVsbF9uYW1lIjoiXHUwMGMxbmdlbCBHdXN0YXZvIE5hdmFycm8gR3V6bVx1MDBlMW4ifQ.JzewCHO1ECWIgxTduCmM6Ujab57TYbp92Fz_RbeQDWM	2026-03-19 03:14:07.148647+00	2026-03-20 03:14:07+00	19	b5ce58fa008d4632aa461aeffce5a50a
39	eyJhbGciOiJIUzI1NiIsInR5cCI6IkpXVCJ9.eyJ0b2tlbl90eXBlIjoicmVmcmVzaCIsImV4cCI6MTc3Mzk3NjYyNiwiaWF0IjoxNzczODkwMjI2LCJqdGkiOiJiZmZjZDFkNjVkMjY0NjEzOWM3OWJkMmFkNGQ5NDlhMyIsInVzZXJfaWQiOiIxOSJ9.4ZP9wNo1xnv4ZNhxSf-xYRmyu_Gnq3Wt1F22z4OOPqI	2026-03-19 03:17:06.408427+00	2026-03-20 03:17:06+00	19	bffcd1d65d2646139c79bd2ad4d949a3
40	eyJhbGciOiJIUzI1NiIsInR5cCI6IkpXVCJ9.eyJ0b2tlbl90eXBlIjoicmVmcmVzaCIsImV4cCI6MTc3Mzk3NzA3MywiaWF0IjoxNzczODkwNjczLCJqdGkiOiJjYmYwNDQ2ODAzMzM0ZGJmODE1OTA5NGViNzA2MzI3NCIsInVzZXJfaWQiOiIxOSIsInJvbGUiOiJDTElFTlRFIiwiZnVsbF9uYW1lIjoiXHUwMGMxbmdlbCBHdXN0YXZvIE5hdmFycm8gR3V6bVx1MDBlMW4ifQ.nuu1cQQIamogfc9I4MCh5BFRpEb5t2rB0bTCZa7fbCs	2026-03-19 03:24:33.396884+00	2026-03-20 03:24:33+00	19	cbf0446803334dbf8159094eb7063274
41	eyJhbGciOiJIUzI1NiIsInR5cCI6IkpXVCJ9.eyJ0b2tlbl90eXBlIjoicmVmcmVzaCIsImV4cCI6MTc3Mzk3NzA3MywiaWF0IjoxNzczODkwNjczLCJqdGkiOiJiNWI4MWFkZTcwYmE0YTk3YjZkNWVhMzNiOTExMTM2NSIsInVzZXJfaWQiOiIxOSIsInJvbGUiOiJDTElFTlRFIiwiZnVsbF9uYW1lIjoiXHUwMGMxbmdlbCBHdXN0YXZvIE5hdmFycm8gR3V6bVx1MDBlMW4ifQ.XIx50dJhZBwQhsFrK8CgC2ZL1z6MODAncsJItGxA9f8	2026-03-19 03:24:33.492459+00	2026-03-20 03:24:33+00	19	b5b81ade70ba4a97b6d5ea33b9111365
42	eyJhbGciOiJIUzI1NiIsInR5cCI6IkpXVCJ9.eyJ0b2tlbl90eXBlIjoicmVmcmVzaCIsImV4cCI6MTc3Mzk3NzExOSwiaWF0IjoxNzczODkwNzE5LCJqdGkiOiI4NDE4YWVmMzU0YzU0MWIwOTE2OGMxNTQ4ODM2YTc1OCIsInVzZXJfaWQiOiIxOSIsInJvbGUiOiJDTElFTlRFIiwiZnVsbF9uYW1lIjoiXHUwMGMxbmdlbCBHdXN0YXZvIE5hdmFycm8gR3V6bVx1MDBlMW4ifQ.iMP_RJQU7E5bENQhNvzMOsfoVReFV3_XX9JNqFRRzZE	2026-03-19 03:25:19.383145+00	2026-03-20 03:25:19+00	19	8418aef354c541b09168c1548836a758
43	eyJhbGciOiJIUzI1NiIsInR5cCI6IkpXVCJ9.eyJ0b2tlbl90eXBlIjoicmVmcmVzaCIsImV4cCI6MTc3Mzk3NzIwMCwiaWF0IjoxNzczODkwODAwLCJqdGkiOiJkYmJkY2UyOGNkYTY0ODQ3YWFkOTJkMTI4YTZjY2M0YSIsInVzZXJfaWQiOiIxOSIsInJvbGUiOiJDTElFTlRFIiwiZnVsbF9uYW1lIjoiXHUwMGMxbmdlbCBHdXN0YXZvIE5hdmFycm8gR3V6bVx1MDBlMW4ifQ.0tzxLKFDtN17og4vY4bIZTRzaMPNCb_gDYczE9DhLUs	2026-03-19 03:26:40.011318+00	2026-03-20 03:26:40+00	19	dbbdce28cda64847aad92d128a6ccc4a
44	eyJhbGciOiJIUzI1NiIsInR5cCI6IkpXVCJ9.eyJ0b2tlbl90eXBlIjoicmVmcmVzaCIsImV4cCI6MTc3Mzk3NzI0MiwiaWF0IjoxNzczODkwODQyLCJqdGkiOiIzZjA4MDEwNWVkNmM0YjZkODlmNmEzZWYxMGNjM2IzMCIsInVzZXJfaWQiOiIxOSIsInJvbGUiOiJDTElFTlRFIiwiZnVsbF9uYW1lIjoiXHUwMGMxbmdlbCBHdXN0YXZvIE5hdmFycm8gR3V6bVx1MDBlMW4ifQ.qu3Bim3Uyn5S90OWaIbo94LIxlaAxunfXs2dGq0U7t0	2026-03-19 03:27:22.290852+00	2026-03-20 03:27:22+00	19	3f080105ed6c4b6d89f6a3ef10cc3b30
45	eyJhbGciOiJIUzI1NiIsInR5cCI6IkpXVCJ9.eyJ0b2tlbl90eXBlIjoicmVmcmVzaCIsImV4cCI6MTc3Mzk3NzMwMSwiaWF0IjoxNzczODkwOTAxLCJqdGkiOiIxOWY4NDcxNDZhNDE0NTk1OWVlNjljYjllZWI2OTAzNSIsInVzZXJfaWQiOiIxOSIsInJvbGUiOiJDTElFTlRFIiwiZnVsbF9uYW1lIjoiXHUwMGMxbmdlbCBHdXN0YXZvIE5hdmFycm8gR3V6bVx1MDBlMW4ifQ.cbMnszudTh0e11RPU5ThIVO5QAJPXJVZriLspZRpeio	2026-03-19 03:28:21.424958+00	2026-03-20 03:28:21+00	19	19f847146a4145959ee69cb9eeb69035
46	eyJhbGciOiJIUzI1NiIsInR5cCI6IkpXVCJ9.eyJ0b2tlbl90eXBlIjoicmVmcmVzaCIsImV4cCI6MTc3Mzk3NzYwNiwiaWF0IjoxNzczODkxMjA2LCJqdGkiOiIyM2YxZTdjODk1ZmI0NmNiOTUzYzYxOGMxY2UyMGMzOSIsInVzZXJfaWQiOiIxOSJ9.XTotzN1xnIRoocias_nvEeVyx41WgL95zFuW066HjGQ	2026-03-19 03:33:26.749687+00	2026-03-20 03:33:26+00	19	23f1e7c895fb46cb953c618c1ce20c39
47	eyJhbGciOiJIUzI1NiIsInR5cCI6IkpXVCJ9.eyJ0b2tlbl90eXBlIjoicmVmcmVzaCIsImV4cCI6MTc3Mzk3NzY4NSwiaWF0IjoxNzczODkxMjg1LCJqdGkiOiI3YzJjZThhYmVkYTA0ZjViYTUyOWM0MTg3NjAwZTAzYiIsInVzZXJfaWQiOiIxOSJ9.duI2kl3RfDBV2CMD9UJudIJE9_PX-I5c6wogOvRk-2E	2026-03-19 03:34:45.104766+00	2026-03-20 03:34:45+00	19	7c2ce8abeda04f5ba529c4187600e03b
48	eyJhbGciOiJIUzI1NiIsInR5cCI6IkpXVCJ9.eyJ0b2tlbl90eXBlIjoicmVmcmVzaCIsImV4cCI6MTc3Mzk3ODA3MCwiaWF0IjoxNzczODkxNjcwLCJqdGkiOiIyZTFmZjI0ZDgwZGY0YzlmODAzYjgxNTA1ZDBlMTVmNyIsInVzZXJfaWQiOiIxOSIsInJvbGUiOiJDTElFTlRFIiwiZnVsbF9uYW1lIjoiXHUwMGMxbmdlbCBHdXN0YXZvIE5hdmFycm8gR3V6bVx1MDBlMW4ifQ.HIYJOCov1-302Zvw2p9bbTtV0D3A10x6-LRbv26yyu8	2026-03-19 03:41:10.279883+00	2026-03-20 03:41:10+00	19	2e1ff24d80df4c9f803b81505d0e15f7
49	eyJhbGciOiJIUzI1NiIsInR5cCI6IkpXVCJ9.eyJ0b2tlbl90eXBlIjoicmVmcmVzaCIsImV4cCI6MTc3Mzk3ODA3MCwiaWF0IjoxNzczODkxNjcwLCJqdGkiOiIwNjE2MzYwZDM4N2I0NDI4YTQ5ZmM4NzAwYjZhMjRhZCIsInVzZXJfaWQiOiIxOSIsInJvbGUiOiJDTElFTlRFIiwiZnVsbF9uYW1lIjoiXHUwMGMxbmdlbCBHdXN0YXZvIE5hdmFycm8gR3V6bVx1MDBlMW4ifQ.iDrl5puyjjtZCsBNoFwG0QzI7KDVp6h5-b6Kg5JlsMo	2026-03-19 03:41:10.363989+00	2026-03-20 03:41:10+00	19	0616360d387b4428a49fc8700b6a24ad
50	eyJhbGciOiJIUzI1NiIsInR5cCI6IkpXVCJ9.eyJ0b2tlbl90eXBlIjoicmVmcmVzaCIsImV4cCI6MTc3Mzk3ODExNCwiaWF0IjoxNzczODkxNzE0LCJqdGkiOiIwZGMzMzNhOGEzOTA0NTY4OWE2ODIxM2ViMjQ0ZjYxNyIsInVzZXJfaWQiOiIxOSIsInJvbGUiOiJDTElFTlRFIiwiZnVsbF9uYW1lIjoiXHUwMGMxbmdlbCBHdXN0YXZvIE5hdmFycm8gR3V6bVx1MDBlMW4ifQ.b2qPEzZt16FOZuguX9LS9OdKpakCuZiz-iDWyuPZU_A	2026-03-19 03:41:54.996662+00	2026-03-20 03:41:54+00	19	0dc333a8a39045689a68213eb244f617
51	eyJhbGciOiJIUzI1NiIsInR5cCI6IkpXVCJ9.eyJ0b2tlbl90eXBlIjoicmVmcmVzaCIsImV4cCI6MTc3Mzk3ODExNSwiaWF0IjoxNzczODkxNzE1LCJqdGkiOiIxYThkODE4MDgyNWY0ZDhhODExM2FhZWNhYTM3MWFjNCIsInVzZXJfaWQiOiIxOSIsInJvbGUiOiJDTElFTlRFIiwiZnVsbF9uYW1lIjoiXHUwMGMxbmdlbCBHdXN0YXZvIE5hdmFycm8gR3V6bVx1MDBlMW4ifQ.P-hZHjB7KjXbPcM6rwqazVVu8hhx18ozN9sqNdiKz78	2026-03-19 03:41:55.079573+00	2026-03-20 03:41:55+00	19	1a8d8180825f4d8a8113aaecaa371ac4
52	eyJhbGciOiJIUzI1NiIsInR5cCI6IkpXVCJ9.eyJ0b2tlbl90eXBlIjoicmVmcmVzaCIsImV4cCI6MTc3Mzk3ODE1NywiaWF0IjoxNzczODkxNzU3LCJqdGkiOiIxNDcxZTljZjZmZjU0ZjVjYmI3ODM3ZDdlMzdlM2IxNiIsInVzZXJfaWQiOiIxOSJ9.U5YZG_YxoxR7Qe-6qXQSgQlxIiqYpDTOPneAGAQ_91s	2026-03-19 03:42:37.662872+00	2026-03-20 03:42:37+00	19	1471e9cf6ff54f5cbb7837d7e37e3b16
53	eyJhbGciOiJIUzI1NiIsInR5cCI6IkpXVCJ9.eyJ0b2tlbl90eXBlIjoicmVmcmVzaCIsImV4cCI6MTc3Mzk3ODE4NywiaWF0IjoxNzczODkxNzg3LCJqdGkiOiI2M2VlYmZkMmI1YTE0Mzg3YmVlMmMwYjQ2NzA3ODA5YiIsInVzZXJfaWQiOiIxOSIsInJvbGUiOiJDTElFTlRFIiwiZnVsbF9uYW1lIjoiXHUwMGMxbmdlbCBHdXN0YXZvIE5hdmFycm8gR3V6bVx1MDBlMW4ifQ.u1x6CgOwwtlqurMPoUtE_VEIR928ve_hU7M4ye8GMEE	2026-03-19 03:43:07.873033+00	2026-03-20 03:43:07+00	19	63eebfd2b5a14387bee2c0b46707809b
54	eyJhbGciOiJIUzI1NiIsInR5cCI6IkpXVCJ9.eyJ0b2tlbl90eXBlIjoicmVmcmVzaCIsImV4cCI6MTc3Mzk3ODI5NCwiaWF0IjoxNzczODkxODk0LCJqdGkiOiIyNGExN2U2ZTM5Y2E0NTI1YWFkM2JhMGQ3ZGQxZmRiMCIsInVzZXJfaWQiOiIxOSIsInJvbGUiOiJDTElFTlRFIiwiZnVsbF9uYW1lIjoiXHUwMGMxbmdlbCBHdXN0YXZvIE5hdmFycm8gR3V6bVx1MDBlMW4ifQ.8C-RJeRlh7Y8qTXKONlFhpjfp34eVUevPKSBdh9bzw8	2026-03-19 03:44:54.170917+00	2026-03-20 03:44:54+00	19	24a17e6e39ca4525aad3ba0d7dd1fdb0
55	eyJhbGciOiJIUzI1NiIsInR5cCI6IkpXVCJ9.eyJ0b2tlbl90eXBlIjoicmVmcmVzaCIsImV4cCI6MTc3Mzk3ODM2MywiaWF0IjoxNzczODkxOTYzLCJqdGkiOiIyMzBmNzgyMjE0MGU0ZWRiOTEwMDdkNzVjODcxMDllZiIsInVzZXJfaWQiOiIxOSIsInJvbGUiOiJDTElFTlRFIiwiZnVsbF9uYW1lIjoiXHUwMGMxbmdlbCBHdXN0YXZvIE5hdmFycm8gR3V6bVx1MDBlMW4ifQ.2t0sXIMHkiNZPCxr1ssSR79eV0StMJv9FIq_nUwgXmU	2026-03-19 03:46:03.098677+00	2026-03-20 03:46:03+00	19	230f7822140e4edb91007d75c87109ef
56	eyJhbGciOiJIUzI1NiIsInR5cCI6IkpXVCJ9.eyJ0b2tlbl90eXBlIjoicmVmcmVzaCIsImV4cCI6MTc3Mzk3ODM2MywiaWF0IjoxNzczODkxOTYzLCJqdGkiOiI0ZGVlYTI1NTJjNDE0M2M2YjZlNzY0OGQ3NTIwZGQyMCIsInVzZXJfaWQiOiIxOSIsInJvbGUiOiJDTElFTlRFIiwiZnVsbF9uYW1lIjoiXHUwMGMxbmdlbCBHdXN0YXZvIE5hdmFycm8gR3V6bVx1MDBlMW4ifQ.PD8k4stAgwyPNWFuu-6VKJbtukORMmDXU-X0aWZUBro	2026-03-19 03:46:03.190401+00	2026-03-20 03:46:03+00	19	4deea2552c4143c6b6e7648d7520dd20
57	eyJhbGciOiJIUzI1NiIsInR5cCI6IkpXVCJ9.eyJ0b2tlbl90eXBlIjoicmVmcmVzaCIsImV4cCI6MTc3Mzk3ODM5NSwiaWF0IjoxNzczODkxOTk1LCJqdGkiOiJhOGMyMjMzMGU4MTY0ZmQ1OTc0N2Y4ODVmMTRkODJhNyIsInVzZXJfaWQiOiIxOSIsInJvbGUiOiJDTElFTlRFIiwiZnVsbF9uYW1lIjoiXHUwMGMxbmdlbCBHdXN0YXZvIE5hdmFycm8gR3V6bVx1MDBlMW4ifQ.3F95_ACKe_bA3VZ6rdQji81Y4gd8NKKBXCFcsPiGt4I	2026-03-19 03:46:35.409396+00	2026-03-20 03:46:35+00	19	a8c22330e8164fd59747f885f14d82a7
58	eyJhbGciOiJIUzI1NiIsInR5cCI6IkpXVCJ9.eyJ0b2tlbl90eXBlIjoicmVmcmVzaCIsImV4cCI6MTc3Mzk3ODQzMiwiaWF0IjoxNzczODkyMDMyLCJqdGkiOiI3NjNmZjcwYmEyMzY0ZmU5OWU0N2Y4ZjU4Zjg2MjU1OCIsInVzZXJfaWQiOiIxOSIsInJvbGUiOiJDTElFTlRFIiwiZnVsbF9uYW1lIjoiXHUwMGMxbmdlbCBHdXN0YXZvIE5hdmFycm8gR3V6bVx1MDBlMW4ifQ.Nf_9EMRgSS2B8gBSPnvU44snERzIIwIrLuzzuAzGqiw	2026-03-19 03:47:12.622806+00	2026-03-20 03:47:12+00	19	763ff70ba2364fe99e47f8f58f862558
59	eyJhbGciOiJIUzI1NiIsInR5cCI6IkpXVCJ9.eyJ0b2tlbl90eXBlIjoicmVmcmVzaCIsImV4cCI6MTc3Mzk3ODQzMiwiaWF0IjoxNzczODkyMDMyLCJqdGkiOiIxOWZkNmNlNjA4MTY0MDY4Yjc1YjEwNDFhZmQzNDllNyIsInVzZXJfaWQiOiIxOSIsInJvbGUiOiJDTElFTlRFIiwiZnVsbF9uYW1lIjoiXHUwMGMxbmdlbCBHdXN0YXZvIE5hdmFycm8gR3V6bVx1MDBlMW4ifQ.pGIQ3GuBKOUaa0ldX-fnLUNKiTubRdJ7ujqnCghIOLU	2026-03-19 03:47:12.710354+00	2026-03-20 03:47:12+00	19	19fd6ce608164068b75b1041afd349e7
60	eyJhbGciOiJIUzI1NiIsInR5cCI6IkpXVCJ9.eyJ0b2tlbl90eXBlIjoicmVmcmVzaCIsImV4cCI6MTc3Mzk3ODUxMSwiaWF0IjoxNzczODkyMTExLCJqdGkiOiIwODYyMzk4ZmIxYjA0NGIwOWY5MTQxYmVhMjg3MWExYyIsInVzZXJfaWQiOiIxOSIsInJvbGUiOiJDTElFTlRFIiwiZnVsbF9uYW1lIjoiXHUwMGMxbmdlbCBHdXN0YXZvIE5hdmFycm8gR3V6bVx1MDBlMW4ifQ.xfBB_nU5DNp7oaStSfbiiaY3erMAB2KDI3tt7gAP6_4	2026-03-19 03:48:31.276493+00	2026-03-20 03:48:31+00	19	0862398fb1b044b09f9141bea2871a1c
61	eyJhbGciOiJIUzI1NiIsInR5cCI6IkpXVCJ9.eyJ0b2tlbl90eXBlIjoicmVmcmVzaCIsImV4cCI6MTc3Mzk3ODkzNiwiaWF0IjoxNzczODkyNTM2LCJqdGkiOiJiOGFlY2QyMGU0NmI0ODk4YmM2OTUwM2M2NGJiYWIyZSIsInVzZXJfaWQiOiIxOSIsInJvbGUiOiJDTElFTlRFIiwiZnVsbF9uYW1lIjoiXHUwMGMxbmdlbCBHdXN0YXZvIE5hdmFycm8gR3V6bVx1MDBlMW4ifQ.CL3GDN_hcPAdKRRZHfbnoYq_f7AnSg2ngVqUkxCbZ-o	2026-03-19 03:55:36.383665+00	2026-03-20 03:55:36+00	19	b8aecd20e46b4898bc69503c64bbab2e
62	eyJhbGciOiJIUzI1NiIsInR5cCI6IkpXVCJ9.eyJ0b2tlbl90eXBlIjoicmVmcmVzaCIsImV4cCI6MTc3Mzk3ODkzNiwiaWF0IjoxNzczODkyNTM2LCJqdGkiOiJmNTY5ZjRhYjA4YmE0MzJhYjIzYzVlZjcyZTIwODE5MyIsInVzZXJfaWQiOiIxOSIsInJvbGUiOiJDTElFTlRFIiwiZnVsbF9uYW1lIjoiXHUwMGMxbmdlbCBHdXN0YXZvIE5hdmFycm8gR3V6bVx1MDBlMW4ifQ.4Iogqbq67eWFhYZpaTgVHPRo-FtfgGIDFjYwtz5xPfk	2026-03-19 03:55:36.46749+00	2026-03-20 03:55:36+00	19	f569f4ab08ba432ab23c5ef72e208193
63	eyJhbGciOiJIUzI1NiIsInR5cCI6IkpXVCJ9.eyJ0b2tlbl90eXBlIjoicmVmcmVzaCIsImV4cCI6MTc3Mzk3OTIyMiwiaWF0IjoxNzczODkyODIyLCJqdGkiOiJlZWIzOWJkODI4NmI0N2MzOTM3ZjA0NTY0Y2Y1YWJjYiIsInVzZXJfaWQiOiIxOSIsInJvbGUiOiJDTElFTlRFIiwiZnVsbF9uYW1lIjoiXHUwMGMxbmdlbCBHdXN0YXZvIE5hdmFycm8gR3V6bVx1MDBlMW4ifQ.ppo9iAbIvv8LNQdmqIsGlc6frm8J2w7Amr1ZKjDxwTE	2026-03-19 04:00:22.781958+00	2026-03-20 04:00:22+00	19	eeb39bd8286b47c3937f04564cf5abcb
64	eyJhbGciOiJIUzI1NiIsInR5cCI6IkpXVCJ9.eyJ0b2tlbl90eXBlIjoicmVmcmVzaCIsImV4cCI6MTc3Mzk3OTIyMiwiaWF0IjoxNzczODkyODIyLCJqdGkiOiJmMzcwMmFkMzhjMDU0MzVmOTk2NzU0NTBmMzEzMWVjOCIsInVzZXJfaWQiOiIxOSIsInJvbGUiOiJDTElFTlRFIiwiZnVsbF9uYW1lIjoiXHUwMGMxbmdlbCBHdXN0YXZvIE5hdmFycm8gR3V6bVx1MDBlMW4ifQ.hpVrkxO85wM1iwfJpIfDXgPubWHGXKvShCW_HRP1n9Y	2026-03-19 04:00:22.916989+00	2026-03-20 04:00:22+00	19	f3702ad38c05435f99675450f3131ec8
65	eyJhbGciOiJIUzI1NiIsInR5cCI6IkpXVCJ9.eyJ0b2tlbl90eXBlIjoicmVmcmVzaCIsImV4cCI6MTc3Mzk4MTMwNiwiaWF0IjoxNzczODk0OTA2LCJqdGkiOiI1ZTIzZWI4ZjY0NjM0NjAzYjcwYjA4NjJhODc2NGVjNyIsInVzZXJfaWQiOiIxOSIsInJvbGUiOiJDTElFTlRFIiwiZnVsbF9uYW1lIjoiXHUwMGMxbmdlbCBHdXN0YXZvIE5hdmFycm8gR3V6bVx1MDBlMW4ifQ.i_rhmVRxjfGtlbhzLLW4LBhnN-MlFhyK76ZhCLX-tfs	2026-03-19 04:35:06.507311+00	2026-03-20 04:35:06+00	19	5e23eb8f64634603b70b0862a8764ec7
66	eyJhbGciOiJIUzI1NiIsInR5cCI6IkpXVCJ9.eyJ0b2tlbl90eXBlIjoicmVmcmVzaCIsImV4cCI6MTc3Mzk4MTMwNiwiaWF0IjoxNzczODk0OTA2LCJqdGkiOiIwNDY2YzZlMzgxMzU0OGFmYjQxMDQ3NDE4YmZlOTA4YSIsInVzZXJfaWQiOiIxOSIsInJvbGUiOiJDTElFTlRFIiwiZnVsbF9uYW1lIjoiXHUwMGMxbmdlbCBHdXN0YXZvIE5hdmFycm8gR3V6bVx1MDBlMW4ifQ.FXk2Ws970eiwhk6Qoi3VXx8J7pzXs0IpZYDnTRNm7Lk	2026-03-19 04:35:06.505632+00	2026-03-20 04:35:06+00	19	0466c6e3813548afb41047418bfe908a
67	eyJhbGciOiJIUzI1NiIsInR5cCI6IkpXVCJ9.eyJ0b2tlbl90eXBlIjoicmVmcmVzaCIsImV4cCI6MTc3Mzk4MTM0NCwiaWF0IjoxNzczODk0OTQ0LCJqdGkiOiI2NjA2Yjk3ZWY5MDc0OWNhYTczMjI5ZTRhYWZmM2MxNyIsInVzZXJfaWQiOiIxOSIsInJvbGUiOiJDTElFTlRFIiwiZnVsbF9uYW1lIjoiXHUwMGMxbmdlbCBHdXN0YXZvIE5hdmFycm8gR3V6bVx1MDBlMW4ifQ.8ghd19w5hxXt6Ly9R6EanQr2nL-oDDHMOS9tVMZbuOI	2026-03-19 04:35:44.202622+00	2026-03-20 04:35:44+00	19	6606b97ef90749caa73229e4aaff3c17
68	eyJhbGciOiJIUzI1NiIsInR5cCI6IkpXVCJ9.eyJ0b2tlbl90eXBlIjoicmVmcmVzaCIsImV4cCI6MTc3Mzk4MTM0NCwiaWF0IjoxNzczODk0OTQ0LCJqdGkiOiIzZDkyYTNkNGFmNzI0ZGM3YTU4MThiZDJhY2Y4NzQzZCIsInVzZXJfaWQiOiIxOSIsInJvbGUiOiJDTElFTlRFIiwiZnVsbF9uYW1lIjoiXHUwMGMxbmdlbCBHdXN0YXZvIE5hdmFycm8gR3V6bVx1MDBlMW4ifQ.ZnR_0vrt7fK2_rcZsDDSosh5ehFiMBqLqeaE_ZopNh8	2026-03-19 04:35:44.278928+00	2026-03-20 04:35:44+00	19	3d92a3d4af724dc7a5818bd2acf8743d
69	eyJhbGciOiJIUzI1NiIsInR5cCI6IkpXVCJ9.eyJ0b2tlbl90eXBlIjoicmVmcmVzaCIsImV4cCI6MTc3Mzk4MTM4NiwiaWF0IjoxNzczODk0OTg2LCJqdGkiOiI2MDc5NGVjMjkyMjI0NmU3OGQxOTc5MDkwYTY1YmQzZCIsInVzZXJfaWQiOiIxOSIsInJvbGUiOiJDTElFTlRFIiwiZnVsbF9uYW1lIjoiXHUwMGMxbmdlbCBHdXN0YXZvIE5hdmFycm8gR3V6bVx1MDBlMW4ifQ.pRojP1bRoH4-1ezLa_OxD3K1jqddsk3FXFKmgeaSww4	2026-03-19 04:36:26.132985+00	2026-03-20 04:36:26+00	19	60794ec2922246e78d1979090a65bd3d
70	eyJhbGciOiJIUzI1NiIsInR5cCI6IkpXVCJ9.eyJ0b2tlbl90eXBlIjoicmVmcmVzaCIsImV4cCI6MTc3Mzk4MTM4NiwiaWF0IjoxNzczODk0OTg2LCJqdGkiOiI2MzBkNWJlMTMzOGE0ZjAxODdlYzRlMTNlNTQzODY4NiIsInVzZXJfaWQiOiIxOSIsInJvbGUiOiJDTElFTlRFIiwiZnVsbF9uYW1lIjoiXHUwMGMxbmdlbCBHdXN0YXZvIE5hdmFycm8gR3V6bVx1MDBlMW4ifQ.6AAzZA8DL8rxdIsfNvzjA3dtwpu1f5CM9lIGdI6Q0yA	2026-03-19 04:36:26.210443+00	2026-03-20 04:36:26+00	19	630d5be1338a4f0187ec4e13e5438686
71	eyJhbGciOiJIUzI1NiIsInR5cCI6IkpXVCJ9.eyJ0b2tlbl90eXBlIjoicmVmcmVzaCIsImV4cCI6MTc3Mzk4MTYxNSwiaWF0IjoxNzczODk1MjE1LCJqdGkiOiI3NDRmOTI1MDhlZDU0MDJmYWZjMjI0YmNhYjM3ZTNiMyIsInVzZXJfaWQiOiIxOSIsInJvbGUiOiJDTElFTlRFIiwiZnVsbF9uYW1lIjoiXHUwMGMxbmdlbCBHdXN0YXZvIE5hdmFycm8gR3V6bVx1MDBlMW4ifQ.p5mjfBXIGeAHnn0uL2FNlSs-6YetZa3N8eKck1pKsCA	2026-03-19 04:40:15.276525+00	2026-03-20 04:40:15+00	19	744f92508ed5402fafc224bcab37e3b3
72	eyJhbGciOiJIUzI1NiIsInR5cCI6IkpXVCJ9.eyJ0b2tlbl90eXBlIjoicmVmcmVzaCIsImV4cCI6MTc3Mzk4MTYxNSwiaWF0IjoxNzczODk1MjE1LCJqdGkiOiIzNDIxMjAwNWQ4OWQ0ZGJlODQxMjRhNGNjMmViODYyZSIsInVzZXJfaWQiOiIxOSIsInJvbGUiOiJDTElFTlRFIiwiZnVsbF9uYW1lIjoiXHUwMGMxbmdlbCBHdXN0YXZvIE5hdmFycm8gR3V6bVx1MDBlMW4ifQ.pLc1S_fSMevpJL1ctrqNpUXhNVmmTBv2w07Q9as3wsg	2026-03-19 04:40:15.35966+00	2026-03-20 04:40:15+00	19	34212005d89d4dbe84124a4cc2eb862e
73	eyJhbGciOiJIUzI1NiIsInR5cCI6IkpXVCJ9.eyJ0b2tlbl90eXBlIjoicmVmcmVzaCIsImV4cCI6MTc3Mzk4MTY5OSwiaWF0IjoxNzczODk1Mjk5LCJqdGkiOiI0MThiYTMyOTFlYjQ0ZTkxYjMzYTA4YjNhY2Q2MzQ4MiIsInVzZXJfaWQiOiIxOSIsInJvbGUiOiJDTElFTlRFIiwiZnVsbF9uYW1lIjoiXHUwMGMxbmdlbCBHdXN0YXZvIE5hdmFycm8gR3V6bVx1MDBlMW4ifQ.TM0sOUI0AFyY0dqDFQa_ZQmBasE5cxEJxrNuPjiCVxU	2026-03-19 04:41:39.347401+00	2026-03-20 04:41:39+00	19	418ba3291eb44e91b33a08b3acd63482
74	eyJhbGciOiJIUzI1NiIsInR5cCI6IkpXVCJ9.eyJ0b2tlbl90eXBlIjoicmVmcmVzaCIsImV4cCI6MTc3Mzk4MTkwMSwiaWF0IjoxNzczODk1NTAxLCJqdGkiOiJmNGU1Y2UwMTc3MTQ0Y2IxYmUxNzQwNGJjYWJiZWQ2NyIsInVzZXJfaWQiOiIxOSIsInJvbGUiOiJDTElFTlRFIiwiZnVsbF9uYW1lIjoiXHUwMGMxbmdlbCBHdXN0YXZvIE5hdmFycm8gR3V6bVx1MDBlMW4ifQ.k8jdu2pxFMxYCwkYtUCNWlAYxqxk6cuc3F3mtqhTGdY	2026-03-19 04:45:01.717932+00	2026-03-20 04:45:01+00	19	f4e5ce0177144cb1be17404bcabbed67
75	eyJhbGciOiJIUzI1NiIsInR5cCI6IkpXVCJ9.eyJ0b2tlbl90eXBlIjoicmVmcmVzaCIsImV4cCI6MTc3Mzk4MTkwMSwiaWF0IjoxNzczODk1NTAxLCJqdGkiOiJhZTUxNTQ5MzFhMzE0MjZiOGJkOWQxMWZmODhhNzZhOSIsInVzZXJfaWQiOiIxOSIsInJvbGUiOiJDTElFTlRFIiwiZnVsbF9uYW1lIjoiXHUwMGMxbmdlbCBHdXN0YXZvIE5hdmFycm8gR3V6bVx1MDBlMW4ifQ.4ptZNTU-jepsA7fgIZPZLADFeYycgSHZL7FJUpSJxRw	2026-03-19 04:45:01.793588+00	2026-03-20 04:45:01+00	19	ae5154931a31426b8bd9d11ff88a76a9
76	eyJhbGciOiJIUzI1NiIsInR5cCI6IkpXVCJ9.eyJ0b2tlbl90eXBlIjoicmVmcmVzaCIsImV4cCI6MTc3Mzk4MjAxMSwiaWF0IjoxNzczODk1NjExLCJqdGkiOiI5MmJlMGNiZWIwNjg0Mjk2OGQ0MmIwNjAyMmFjMTA2MiIsInVzZXJfaWQiOiIxOSIsInJvbGUiOiJDTElFTlRFIiwiZnVsbF9uYW1lIjoiXHUwMGMxbmdlbCBHdXN0YXZvIE5hdmFycm8gR3V6bVx1MDBlMW4ifQ.-UAeROMFonxNgAHNoT2sbOn6JTUTQa7O7--W_RdLrkU	2026-03-19 04:46:51.47812+00	2026-03-20 04:46:51+00	19	92be0cbeb06842968d42b06022ac1062
77	eyJhbGciOiJIUzI1NiIsInR5cCI6IkpXVCJ9.eyJ0b2tlbl90eXBlIjoicmVmcmVzaCIsImV4cCI6MTc3Mzk4MjA0OSwiaWF0IjoxNzczODk1NjQ5LCJqdGkiOiJlYjExOTZjZTEyM2I0MTJlYmY3NjZkNjM5NzEzNjE1MSIsInVzZXJfaWQiOiIxOSIsInJvbGUiOiJDTElFTlRFIiwiZnVsbF9uYW1lIjoiXHUwMGMxbmdlbCBHdXN0YXZvIE5hdmFycm8gR3V6bVx1MDBlMW4ifQ.Ajutn7p5l5dIjUQwccdJT_O1JCf9KQEeby1oRyMNBFY	2026-03-19 04:47:29.923787+00	2026-03-20 04:47:29+00	19	eb1196ce123b412ebf766d6397136151
78	eyJhbGciOiJIUzI1NiIsInR5cCI6IkpXVCJ9.eyJ0b2tlbl90eXBlIjoicmVmcmVzaCIsImV4cCI6MTc3Mzk4MjA5MSwiaWF0IjoxNzczODk1NjkxLCJqdGkiOiI4MzQwZDQ2Y2Y3MmU0YTc2YTdiOTRjOWRjNzQ5OWJlMyIsInVzZXJfaWQiOiIxOSIsInJvbGUiOiJDTElFTlRFIiwiZnVsbF9uYW1lIjoiXHUwMGMxbmdlbCBHdXN0YXZvIE5hdmFycm8gR3V6bVx1MDBlMW4ifQ.USh8vzr-lE43h8BO0z2XlsSP3UgC8AqpzV5PmToaol4	2026-03-19 04:48:11.258858+00	2026-03-20 04:48:11+00	19	8340d46cf72e4a76a7b94c9dc7499be3
79	eyJhbGciOiJIUzI1NiIsInR5cCI6IkpXVCJ9.eyJ0b2tlbl90eXBlIjoicmVmcmVzaCIsImV4cCI6MTc3Mzk4MjE4MSwiaWF0IjoxNzczODk1NzgxLCJqdGkiOiJlYjQzMTE4MGQwNTc0M2RiODgzNTY3OTQ3YmJhY2Q1NiIsInVzZXJfaWQiOiIxOSIsInJvbGUiOiJDTElFTlRFIiwiZnVsbF9uYW1lIjoiXHUwMGMxbmdlbCBHdXN0YXZvIE5hdmFycm8gR3V6bVx1MDBlMW4ifQ.Qmr2ePIjSdajsc9H88Mp-5GQxC_S4KSI8iLOYnlbXCQ	2026-03-19 04:49:41.952272+00	2026-03-20 04:49:41+00	19	eb431180d05743db883567947bbacd56
80	eyJhbGciOiJIUzI1NiIsInR5cCI6IkpXVCJ9.eyJ0b2tlbl90eXBlIjoicmVmcmVzaCIsImV4cCI6MTc3Mzk4MjE4MiwiaWF0IjoxNzczODk1NzgyLCJqdGkiOiI4ZjM1OWQ5NmY3YTI0MDhhYjNjMTdlNmJjOTY4NTYzNyIsInVzZXJfaWQiOiIxOSIsInJvbGUiOiJDTElFTlRFIiwiZnVsbF9uYW1lIjoiXHUwMGMxbmdlbCBHdXN0YXZvIE5hdmFycm8gR3V6bVx1MDBlMW4ifQ.kXssUNKtRirWk9TNl7NCRaavf3b8GWIUpfm_YABsUgE	2026-03-19 04:49:42.026855+00	2026-03-20 04:49:42+00	19	8f359d96f7a2408ab3c17e6bc9685637
81	eyJhbGciOiJIUzI1NiIsInR5cCI6IkpXVCJ9.eyJ0b2tlbl90eXBlIjoicmVmcmVzaCIsImV4cCI6MTc3Mzk4MjI1MiwiaWF0IjoxNzczODk1ODUyLCJqdGkiOiI5OTE3OGZmNTE1MGM0MDQ4OTRkNGY5YWUxOWJlZmZhNyIsInVzZXJfaWQiOiIxOSIsInJvbGUiOiJDTElFTlRFIiwiZnVsbF9uYW1lIjoiXHUwMGMxbmdlbCBHdXN0YXZvIE5hdmFycm8gR3V6bVx1MDBlMW4ifQ.mXTblvElYqZ7UYvBV_EO8v6hRDn9W6JlRhUqhG-MsLE	2026-03-19 04:50:52.543399+00	2026-03-20 04:50:52+00	19	99178ff5150c404894d4f9ae19beffa7
82	eyJhbGciOiJIUzI1NiIsInR5cCI6IkpXVCJ9.eyJ0b2tlbl90eXBlIjoicmVmcmVzaCIsImV4cCI6MTc3Mzk4MjM3OSwiaWF0IjoxNzczODk1OTc5LCJqdGkiOiJhMTY2ZDM5MzU0ZGE0ZWJjYmVhMjFhZmM4ODI0NmNhNiIsInVzZXJfaWQiOiIxOSIsInJvbGUiOiJDTElFTlRFIiwiZnVsbF9uYW1lIjoiXHUwMGMxbmdlbCBHdXN0YXZvIE5hdmFycm8gR3V6bVx1MDBlMW4ifQ.UoqF6RqSeHA-GFij3NboouNx5dZcyLuM0L-wL7_zMWY	2026-03-19 04:52:59.327205+00	2026-03-20 04:52:59+00	19	a166d39354da4ebcbea21afc88246ca6
83	eyJhbGciOiJIUzI1NiIsInR5cCI6IkpXVCJ9.eyJ0b2tlbl90eXBlIjoicmVmcmVzaCIsImV4cCI6MTc3Mzk4MjUxMSwiaWF0IjoxNzczODk2MTExLCJqdGkiOiI5YThlNDNmOWQ3MWI0ZGEyODRiYjM3NTVmNjc0NmI2YyIsInVzZXJfaWQiOiIxOSIsInJvbGUiOiJDTElFTlRFIiwiZnVsbF9uYW1lIjoiXHUwMGMxbmdlbCBHdXN0YXZvIE5hdmFycm8gR3V6bVx1MDBlMW4ifQ.xU30ysnJsfJ7lg2kWQRHX78gSaBuBoE3MKjbAyfWNDE	2026-03-19 04:55:11.288044+00	2026-03-20 04:55:11+00	19	9a8e43f9d71b4da284bb3755f6746b6c
84	eyJhbGciOiJIUzI1NiIsInR5cCI6IkpXVCJ9.eyJ0b2tlbl90eXBlIjoicmVmcmVzaCIsImV4cCI6MTc3Mzk4MjUxMSwiaWF0IjoxNzczODk2MTExLCJqdGkiOiJhMDBhYTY5NDcxZWQ0OGZlYTM0NjEzYzIwMTA5NGM2ZCIsInVzZXJfaWQiOiIxOSIsInJvbGUiOiJDTElFTlRFIiwiZnVsbF9uYW1lIjoiXHUwMGMxbmdlbCBHdXN0YXZvIE5hdmFycm8gR3V6bVx1MDBlMW4ifQ.3byYX9SWp-gufBckhWgbSW073ou0zPRya6DERvETF74	2026-03-19 04:55:11.377374+00	2026-03-20 04:55:11+00	19	a00aa69471ed48fea34613c201094c6d
85	eyJhbGciOiJIUzI1NiIsInR5cCI6IkpXVCJ9.eyJ0b2tlbl90eXBlIjoicmVmcmVzaCIsImV4cCI6MTc3Mzk4MjYzOSwiaWF0IjoxNzczODk2MjM5LCJqdGkiOiJkYTA1NzcxMjNlODI0Mjg4YjkzMzMyY2EzZGZiY2UzMiIsInVzZXJfaWQiOiIxOSIsInJvbGUiOiJDTElFTlRFIiwiZnVsbF9uYW1lIjoiXHUwMGMxbmdlbCBHdXN0YXZvIE5hdmFycm8gR3V6bVx1MDBlMW4ifQ.wYzkoMW14MrQXaehhmdfrl7H6FmKFNUj8E9g1DwuOSw	2026-03-19 04:57:19.90375+00	2026-03-20 04:57:19+00	19	da0577123e824288b93332ca3dfbce32
86	eyJhbGciOiJIUzI1NiIsInR5cCI6IkpXVCJ9.eyJ0b2tlbl90eXBlIjoicmVmcmVzaCIsImV4cCI6MTc3Mzk4MjY4OCwiaWF0IjoxNzczODk2Mjg4LCJqdGkiOiI3MDIzNGEyMjk5OWU0ZDA4YjJiZWI3YjYwNzIyM2YwYyIsInVzZXJfaWQiOiIxOSIsInJvbGUiOiJDTElFTlRFIiwiZnVsbF9uYW1lIjoiXHUwMGMxbmdlbCBHdXN0YXZvIE5hdmFycm8gR3V6bVx1MDBlMW4ifQ.C2PqvyTl4qnjTNvob1nLwazhCuy6wrSFqM4gmumbVsQ	2026-03-19 04:58:08.828576+00	2026-03-20 04:58:08+00	19	70234a22999e4d08b2beb7b607223f0c
87	eyJhbGciOiJIUzI1NiIsInR5cCI6IkpXVCJ9.eyJ0b2tlbl90eXBlIjoicmVmcmVzaCIsImV4cCI6MTc3Mzk4MjczMCwiaWF0IjoxNzczODk2MzMwLCJqdGkiOiJlOTdkZWZhOGJlNTM0MjVlYjRjYzQzNGFlMTYzMTUxYiIsInVzZXJfaWQiOiIxOSIsInJvbGUiOiJDTElFTlRFIiwiZnVsbF9uYW1lIjoiXHUwMGMxbmdlbCBHdXN0YXZvIE5hdmFycm8gR3V6bVx1MDBlMW4ifQ.1e9_YyqVRf1PC9HcXSMYQb3yZGsQY6ejDaG8vLycF68	2026-03-19 04:58:50.691043+00	2026-03-20 04:58:50+00	19	e97defa8be53425eb4cc434ae163151b
88	eyJhbGciOiJIUzI1NiIsInR5cCI6IkpXVCJ9.eyJ0b2tlbl90eXBlIjoicmVmcmVzaCIsImV4cCI6MTc3Mzk4Mjc2NCwiaWF0IjoxNzczODk2MzY0LCJqdGkiOiJhZTcwZjc1ZjI3MjU0ZmU1OThkM2QwMWQ1NjUzYzRlMCIsInVzZXJfaWQiOiIxOSIsInJvbGUiOiJDTElFTlRFIiwiZnVsbF9uYW1lIjoiXHUwMGMxbmdlbCBHdXN0YXZvIE5hdmFycm8gR3V6bVx1MDBlMW4ifQ.WA0qkBQBGwCuqEMkPvuSLf8aHXiRZ0CIOZoxFS11OO8	2026-03-19 04:59:24.261937+00	2026-03-20 04:59:24+00	19	ae70f75f27254fe598d3d01d5653c4e0
89	eyJhbGciOiJIUzI1NiIsInR5cCI6IkpXVCJ9.eyJ0b2tlbl90eXBlIjoicmVmcmVzaCIsImV4cCI6MTc3Mzk4Mjg2MywiaWF0IjoxNzczODk2NDYzLCJqdGkiOiJjNGJiMDUwZTc1ZWI0OGZhYjRhNTA2YjI3ODJhMWI0NSIsInVzZXJfaWQiOiIxOSIsInJvbGUiOiJDTElFTlRFIiwiZnVsbF9uYW1lIjoiXHUwMGMxbmdlbCBHdXN0YXZvIE5hdmFycm8gR3V6bVx1MDBlMW4ifQ.QscYUN6xFf1NbagOrP1QApcF2sW2Yu-eCm6QGESN13U	2026-03-19 05:01:03.63988+00	2026-03-20 05:01:03+00	19	c4bb050e75eb48fab4a506b2782a1b45
90	eyJhbGciOiJIUzI1NiIsInR5cCI6IkpXVCJ9.eyJ0b2tlbl90eXBlIjoicmVmcmVzaCIsImV4cCI6MTc3Mzk4Mjg2MywiaWF0IjoxNzczODk2NDYzLCJqdGkiOiJkNmE3NjA0OWU0YTM0YWQ2OWFiYWNhNDQ3OWI1ZTg0NCIsInVzZXJfaWQiOiIxOSIsInJvbGUiOiJDTElFTlRFIiwiZnVsbF9uYW1lIjoiXHUwMGMxbmdlbCBHdXN0YXZvIE5hdmFycm8gR3V6bVx1MDBlMW4ifQ.djO9S0UPOjFMSNtmoiWjb-E2VKDtGvYNpssKkeH0YSE	2026-03-19 05:01:03.726366+00	2026-03-20 05:01:03+00	19	d6a76049e4a34ad69abaca4479b5e844
91	eyJhbGciOiJIUzI1NiIsInR5cCI6IkpXVCJ9.eyJ0b2tlbl90eXBlIjoicmVmcmVzaCIsImV4cCI6MTc3Mzk4MzAwNiwiaWF0IjoxNzczODk2NjA2LCJqdGkiOiI4Mjc2YmRkYmY3YTk0ZDI0OTcwM2EyMjRjZGQzNmQ4OCIsInVzZXJfaWQiOiIxOSIsInJvbGUiOiJDTElFTlRFIiwiZnVsbF9uYW1lIjoiXHUwMGMxbmdlbCBHdXN0YXZvIE5hdmFycm8gR3V6bVx1MDBlMW4ifQ.GC1YHPuk_L5iNQ5vdJaU_4HsrOe0jlK-tsKzC4SHj68	2026-03-19 05:03:26.735269+00	2026-03-20 05:03:26+00	19	8276bddbf7a94d249703a224cdd36d88
92	eyJhbGciOiJIUzI1NiIsInR5cCI6IkpXVCJ9.eyJ0b2tlbl90eXBlIjoicmVmcmVzaCIsImV4cCI6MTc3Mzk4MzA1NywiaWF0IjoxNzczODk2NjU3LCJqdGkiOiIwYzY0Y2Q3ZWQyYjE0ZDg3ODZiZjJiYTA4ZDMwYjVmNCIsInVzZXJfaWQiOiIxOSIsInJvbGUiOiJDTElFTlRFIiwiZnVsbF9uYW1lIjoiXHUwMGMxbmdlbCBHdXN0YXZvIE5hdmFycm8gR3V6bVx1MDBlMW4ifQ.BbozWDW5-ci5or6hiWXt47tqeZehJG2kMANXS8y2Ic8	2026-03-19 05:04:17.457413+00	2026-03-20 05:04:17+00	19	0c64cd7ed2b14d8786bf2ba08d30b5f4
93	eyJhbGciOiJIUzI1NiIsInR5cCI6IkpXVCJ9.eyJ0b2tlbl90eXBlIjoicmVmcmVzaCIsImV4cCI6MTc3Mzk4MzA1NywiaWF0IjoxNzczODk2NjU3LCJqdGkiOiJmYjhiM2FlM2VhNTc0MDM3OWYyOTFlNWQxOWUyZTYwMCIsInVzZXJfaWQiOiIxOSIsInJvbGUiOiJDTElFTlRFIiwiZnVsbF9uYW1lIjoiXHUwMGMxbmdlbCBHdXN0YXZvIE5hdmFycm8gR3V6bVx1MDBlMW4ifQ.u1M_zAs3zWqxCLVNBZbqGqgNCbEFb4GHnUB2e3_1Kas	2026-03-19 05:04:17.584818+00	2026-03-20 05:04:17+00	19	fb8b3ae3ea5740379f291e5d19e2e600
94	eyJhbGciOiJIUzI1NiIsInR5cCI6IkpXVCJ9.eyJ0b2tlbl90eXBlIjoicmVmcmVzaCIsImV4cCI6MTc3Mzk4MzA5NSwiaWF0IjoxNzczODk2Njk1LCJqdGkiOiJkMjgxMjRjZWE5NDY0YmY2YWNkMWY2OTEyMzZkNTQ5NyIsInVzZXJfaWQiOiIxOSIsInJvbGUiOiJDTElFTlRFIiwiZnVsbF9uYW1lIjoiXHUwMGMxbmdlbCBHdXN0YXZvIE5hdmFycm8gR3V6bVx1MDBlMW4ifQ.NLpdOU2SrJ3b11wleylAgKtkgS0lbWcIPbuZB6awosc	2026-03-19 05:04:55.747062+00	2026-03-20 05:04:55+00	19	d28124cea9464bf6acd1f691236d5497
95	eyJhbGciOiJIUzI1NiIsInR5cCI6IkpXVCJ9.eyJ0b2tlbl90eXBlIjoicmVmcmVzaCIsImV4cCI6MTc3Mzk4MzA5NSwiaWF0IjoxNzczODk2Njk1LCJqdGkiOiJiZmM2MjJjNzU0MWU0MDIwODQ1N2U5MWNjMDFlZThlNCIsInVzZXJfaWQiOiIxOSIsInJvbGUiOiJDTElFTlRFIiwiZnVsbF9uYW1lIjoiXHUwMGMxbmdlbCBHdXN0YXZvIE5hdmFycm8gR3V6bVx1MDBlMW4ifQ.8Ip0kElM2ECa9PBJbm4II0UYlmN8F3LFqEU4goYA6wk	2026-03-19 05:04:55.84597+00	2026-03-20 05:04:55+00	19	bfc622c7541e40208457e91cc01ee8e4
96	eyJhbGciOiJIUzI1NiIsInR5cCI6IkpXVCJ9.eyJ0b2tlbl90eXBlIjoicmVmcmVzaCIsImV4cCI6MTc3Mzk4MzE2NywiaWF0IjoxNzczODk2NzY3LCJqdGkiOiJmZGU5ODNlMTVhYzk0ZmVlOTM4Y2IxMWU2ODQ1OGJmMiIsInVzZXJfaWQiOiIxOSIsInJvbGUiOiJDTElFTlRFIiwiZnVsbF9uYW1lIjoiXHUwMGMxbmdlbCBHdXN0YXZvIE5hdmFycm8gR3V6bVx1MDBlMW4ifQ.zw0oCmIgeTJ71dOOnBHqVRynPY7KS-mzX0Lr6nxGqrw	2026-03-19 05:06:07.978285+00	2026-03-20 05:06:07+00	19	fde983e15ac94fee938cb11e68458bf2
97	eyJhbGciOiJIUzI1NiIsInR5cCI6IkpXVCJ9.eyJ0b2tlbl90eXBlIjoicmVmcmVzaCIsImV4cCI6MTc3Mzk4MzE2NywiaWF0IjoxNzczODk2NzY3LCJqdGkiOiIyOTJiMjNmMmRhMjQ0NWVhYjc2ZDgxOTk5NTFhN2E4NiIsInVzZXJfaWQiOiIxOSIsInJvbGUiOiJDTElFTlRFIiwiZnVsbF9uYW1lIjoiXHUwMGMxbmdlbCBHdXN0YXZvIE5hdmFycm8gR3V6bVx1MDBlMW4ifQ.sEF5XE2uxLBJWohV0QzDMKXZfZZcE3ai6OtH-G2ISG4	2026-03-19 05:06:07.979854+00	2026-03-20 05:06:07+00	19	292b23f2da2445eab76d8199951a7a86
98	eyJhbGciOiJIUzI1NiIsInR5cCI6IkpXVCJ9.eyJ0b2tlbl90eXBlIjoicmVmcmVzaCIsImV4cCI6MTc3Mzk4MzIwNywiaWF0IjoxNzczODk2ODA3LCJqdGkiOiJlZDk4YWY1YmU3ZTE0MWNiOGEwN2VlZjZkNTk5MmIyNiIsInVzZXJfaWQiOiIxOSIsInJvbGUiOiJDTElFTlRFIiwiZnVsbF9uYW1lIjoiXHUwMGMxbmdlbCBHdXN0YXZvIE5hdmFycm8gR3V6bVx1MDBlMW4ifQ.W33odzLbpBug16TbGuEEv1W4UzNKVhoIfDf4GeOc330	2026-03-19 05:06:47.365964+00	2026-03-20 05:06:47+00	19	ed98af5be7e141cb8a07eef6d5992b26
99	eyJhbGciOiJIUzI1NiIsInR5cCI6IkpXVCJ9.eyJ0b2tlbl90eXBlIjoicmVmcmVzaCIsImV4cCI6MTc3Mzk4MzI1OCwiaWF0IjoxNzczODk2ODU4LCJqdGkiOiJiMzdjMjE1ZTRjN2M0MWRiYTkyN2U0OWI1MTFhNDFkOCIsInVzZXJfaWQiOiIxOSIsInJvbGUiOiJDTElFTlRFIiwiZnVsbF9uYW1lIjoiXHUwMGMxbmdlbCBHdXN0YXZvIE5hdmFycm8gR3V6bVx1MDBlMW4ifQ.dSUCPsuwXiOUy5Dr_eVKkFYPsZFc3w3VVw3AcHm814I	2026-03-19 05:07:38.773777+00	2026-03-20 05:07:38+00	19	b37c215e4c7c41dba927e49b511a41d8
100	eyJhbGciOiJIUzI1NiIsInR5cCI6IkpXVCJ9.eyJ0b2tlbl90eXBlIjoicmVmcmVzaCIsImV4cCI6MTc3Mzk4MzI1OCwiaWF0IjoxNzczODk2ODU4LCJqdGkiOiI0MzU2Yzc3YTVkNGI0ZGFjODljMjBiNjVhYjc2OGU2MiIsInVzZXJfaWQiOiIxOSIsInJvbGUiOiJDTElFTlRFIiwiZnVsbF9uYW1lIjoiXHUwMGMxbmdlbCBHdXN0YXZvIE5hdmFycm8gR3V6bVx1MDBlMW4ifQ.jNNrD_ZPRjP-ctR8sH_9tI-mV_ZjqyzhN4ctmNbT9lU	2026-03-19 05:07:38.864867+00	2026-03-20 05:07:38+00	19	4356c77a5d4b4dac89c20b65ab768e62
101	eyJhbGciOiJIUzI1NiIsInR5cCI6IkpXVCJ9.eyJ0b2tlbl90eXBlIjoicmVmcmVzaCIsImV4cCI6MTc3Mzk4MzMxNiwiaWF0IjoxNzczODk2OTE2LCJqdGkiOiJlOWJhMDlmNDU5MmU0ZmFmOGJmMzg0YjMzMWM4OGEyYSIsInVzZXJfaWQiOiIxOSIsInJvbGUiOiJDTElFTlRFIiwiZnVsbF9uYW1lIjoiXHUwMGMxbmdlbCBHdXN0YXZvIE5hdmFycm8gR3V6bVx1MDBlMW4ifQ.0xh9do36XwfVYPcU7PQzJpDwhXbWCtnKTh02JqntIFA	2026-03-19 05:08:36.489643+00	2026-03-20 05:08:36+00	19	e9ba09f4592e4faf8bf384b331c88a2a
102	eyJhbGciOiJIUzI1NiIsInR5cCI6IkpXVCJ9.eyJ0b2tlbl90eXBlIjoicmVmcmVzaCIsImV4cCI6MTc3Mzk4MzMyNSwiaWF0IjoxNzczODk2OTI1LCJqdGkiOiIxMzUzOTMxYzZhYjU0ZmIxYjUwZTMwNGFjM2YzOTBlNyIsInVzZXJfaWQiOiIxOSJ9.sN5ttDpWJMXX0XOTlngKyvmbjM2JH_lU2fN4cN9L1fg	2026-03-19 05:08:45.218761+00	2026-03-20 05:08:45+00	19	1353931c6ab54fb1b50e304ac3f390e7
103	eyJhbGciOiJIUzI1NiIsInR5cCI6IkpXVCJ9.eyJ0b2tlbl90eXBlIjoicmVmcmVzaCIsImV4cCI6MTc3Mzk4MzU5NywiaWF0IjoxNzczODk3MTk3LCJqdGkiOiIzMDFiOTA5NDFjNTQ0NWFlYTQ1NTNjNTc0OWJjMzRmZiIsInVzZXJfaWQiOiIxOSIsInJvbGUiOiJDTElFTlRFIiwiZnVsbF9uYW1lIjoiXHUwMGMxbmdlbCBHdXN0YXZvIE5hdmFycm8gR3V6bVx1MDBlMW4ifQ.l2vOnT419XW8t3N38Acps9W8yCSQevZRJ3RX7lft0no	2026-03-19 05:13:17.437858+00	2026-03-20 05:13:17+00	19	301b90941c5445aea4553c5749bc34ff
104	eyJhbGciOiJIUzI1NiIsInR5cCI6IkpXVCJ9.eyJ0b2tlbl90eXBlIjoicmVmcmVzaCIsImV4cCI6MTc3Mzk4MzU5NywiaWF0IjoxNzczODk3MTk3LCJqdGkiOiJiY2NhZGJlNDdkMDg0YTViOGFlMDEyNDc4NDJjZjRlNSIsInVzZXJfaWQiOiIxOSIsInJvbGUiOiJDTElFTlRFIiwiZnVsbF9uYW1lIjoiXHUwMGMxbmdlbCBHdXN0YXZvIE5hdmFycm8gR3V6bVx1MDBlMW4ifQ.WUFV-wrz3Ma_jMl9k9rDqiOZKgfFw9VBO4f_aCnMpCk	2026-03-19 05:13:17.517104+00	2026-03-20 05:13:17+00	19	bccadbe47d084a5b8ae01247842cf4e5
105	eyJhbGciOiJIUzI1NiIsInR5cCI6IkpXVCJ9.eyJ0b2tlbl90eXBlIjoicmVmcmVzaCIsImV4cCI6MTc3Mzk4MzgzNiwiaWF0IjoxNzczODk3NDM2LCJqdGkiOiJhYTY0YTY3ZDgxYWE0YWY4OTE3Y2E4NTc2NzAxMTAyYSIsInVzZXJfaWQiOiIxOSIsInJvbGUiOiJDTElFTlRFIiwiZnVsbF9uYW1lIjoiXHUwMGMxbmdlbCBHdXN0YXZvIE5hdmFycm8gR3V6bVx1MDBlMW4ifQ.KvzIkD7cWiPLHcGu1xRjfw6_8kJJUcg3Z1jcGzyqkc8	2026-03-19 05:17:16.305149+00	2026-03-20 05:17:16+00	19	aa64a67d81aa4af8917ca8576701102a
106	eyJhbGciOiJIUzI1NiIsInR5cCI6IkpXVCJ9.eyJ0b2tlbl90eXBlIjoicmVmcmVzaCIsImV4cCI6MTc3Mzk4NDM3OSwiaWF0IjoxNzczODk3OTc5LCJqdGkiOiIxZWI3ODI1NDk2MjI0MDkwODY0MjQ1YWJjOTM0MzFhZiIsInVzZXJfaWQiOiIxOSIsInJvbGUiOiJDTElFTlRFIiwiZnVsbF9uYW1lIjoiXHUwMGMxbmdlbCBHdXN0YXZvIE5hdmFycm8gR3V6bVx1MDBlMW4ifQ.YBZNfTy46H0oqjHvBqtrZEUwcaZOf94hGN8Dj9OKwCk	2026-03-19 05:26:19.51679+00	2026-03-20 05:26:19+00	19	1eb7825496224090864245abc93431af
107	eyJhbGciOiJIUzI1NiIsInR5cCI6IkpXVCJ9.eyJ0b2tlbl90eXBlIjoicmVmcmVzaCIsImV4cCI6MTc3Mzk4NDM3OSwiaWF0IjoxNzczODk3OTc5LCJqdGkiOiIzMGUzNWFlZmU1M2M0YmY1ODY1YWQ5ODkyZTliOGU1MiIsInVzZXJfaWQiOiIxOSIsInJvbGUiOiJDTElFTlRFIiwiZnVsbF9uYW1lIjoiXHUwMGMxbmdlbCBHdXN0YXZvIE5hdmFycm8gR3V6bVx1MDBlMW4ifQ.DxXcb6yDXlDt7um-IC5yJlDyEHLa6A_tXMcwv_Sq8Uc	2026-03-19 05:26:19.600215+00	2026-03-20 05:26:19+00	19	30e35aefe53c4bf5865ad9892e9b8e52
108	eyJhbGciOiJIUzI1NiIsInR5cCI6IkpXVCJ9.eyJ0b2tlbl90eXBlIjoicmVmcmVzaCIsImV4cCI6MTc3Mzk4NDc0NiwiaWF0IjoxNzczODk4MzQ2LCJqdGkiOiI2ZTk0ZmJhNTk2MjY0YWMxYWE3Yjg3MzViOGQ5Y2Y1NyIsInVzZXJfaWQiOiIxOSIsInJvbGUiOiJDTElFTlRFIiwiZnVsbF9uYW1lIjoiXHUwMGMxbmdlbCBHdXN0YXZvIE5hdmFycm8gR3V6bVx1MDBlMW4ifQ.GxrsV1PE8xecm3ozxxsPIYA4c8XL60ezFcJLCcj0c8E	2026-03-19 05:32:26.280207+00	2026-03-20 05:32:26+00	19	6e94fba596264ac1aa7b8735b8d9cf57
109	eyJhbGciOiJIUzI1NiIsInR5cCI6IkpXVCJ9.eyJ0b2tlbl90eXBlIjoicmVmcmVzaCIsImV4cCI6MTc3Mzk4NDc0NiwiaWF0IjoxNzczODk4MzQ2LCJqdGkiOiI5OTVkNTc0MTEwMzg0MDVjOGZmMjRkZTI5YzEyYjUyNyIsInVzZXJfaWQiOiIxOSIsInJvbGUiOiJDTElFTlRFIiwiZnVsbF9uYW1lIjoiXHUwMGMxbmdlbCBHdXN0YXZvIE5hdmFycm8gR3V6bVx1MDBlMW4ifQ.Ol32DhPZwjltrS1zluSvUFMC2388RLDihCTK4rySJ-Y	2026-03-19 05:32:26.357148+00	2026-03-20 05:32:26+00	19	995d57411038405c8ff24de29c12b527
110	eyJhbGciOiJIUzI1NiIsInR5cCI6IkpXVCJ9.eyJ0b2tlbl90eXBlIjoicmVmcmVzaCIsImV4cCI6MTc3Mzk4NTY0NiwiaWF0IjoxNzczODk5MjQ2LCJqdGkiOiJmNjRiMTg0OGFhNzI0YjEzYWE0Mzg3YTFkMmE5YWZlMiIsInVzZXJfaWQiOiIxOSIsInJvbGUiOiJDTElFTlRFIiwiZnVsbF9uYW1lIjoiXHUwMGMxbmdlbCBHdXN0YXZvIE5hdmFycm8gR3V6bVx1MDBlMW4ifQ.PrvQoz14D3pEJQYjMbiNHJCL5w0nIRoMidyXZeSUczo	2026-03-19 05:47:26.820822+00	2026-03-20 05:47:26+00	19	f64b1848aa724b13aa4387a1d2a9afe2
111	eyJhbGciOiJIUzI1NiIsInR5cCI6IkpXVCJ9.eyJ0b2tlbl90eXBlIjoicmVmcmVzaCIsImV4cCI6MTc3Mzk4NTY0NiwiaWF0IjoxNzczODk5MjQ2LCJqdGkiOiJjNzg1ZTRjM2JjOGY0N2IwYThkOTYzYjVmOTg2NjZhMyIsInVzZXJfaWQiOiIxOSIsInJvbGUiOiJDTElFTlRFIiwiZnVsbF9uYW1lIjoiXHUwMGMxbmdlbCBHdXN0YXZvIE5hdmFycm8gR3V6bVx1MDBlMW4ifQ.gI15OXt3DFR8D2qPy85qW7gY2L6rsbG4bIXF-boQiJY	2026-03-19 05:47:26.900505+00	2026-03-20 05:47:26+00	19	c785e4c3bc8f47b0a8d963b5f98666a3
112	eyJhbGciOiJIUzI1NiIsInR5cCI6IkpXVCJ9.eyJ0b2tlbl90eXBlIjoicmVmcmVzaCIsImV4cCI6MTc3Mzk4NTY4OSwiaWF0IjoxNzczODk5Mjg5LCJqdGkiOiJkMWUyZWQ1YzhjMDA0ZmY5OTVmMjA5MmRjOTBjYmY5YyIsInVzZXJfaWQiOiIxOSIsInJvbGUiOiJDTElFTlRFIiwiZnVsbF9uYW1lIjoiXHUwMGMxbmdlbCBHdXN0YXZvIE5hdmFycm8gR3V6bVx1MDBlMW4ifQ.9GN7C5POr2Bj73ppZewpTwSCJPAZ1hEiWJCKtmLnS-U	2026-03-19 05:48:09.663103+00	2026-03-20 05:48:09+00	19	d1e2ed5c8c004ff995f2092dc90cbf9c
113	eyJhbGciOiJIUzI1NiIsInR5cCI6IkpXVCJ9.eyJ0b2tlbl90eXBlIjoicmVmcmVzaCIsImV4cCI6MTc3Mzk4NTk0MCwiaWF0IjoxNzczODk5NTQwLCJqdGkiOiI4ODAzYTQ2ZWY5Mjc0ODFkOGZhYmMwMDg1Yjg2ZThiZCIsInVzZXJfaWQiOiIxOSIsInJvbGUiOiJDTElFTlRFIiwiZnVsbF9uYW1lIjoiXHUwMGMxbmdlbCBHdXN0YXZvIE5hdmFycm8gR3V6bVx1MDBlMW4ifQ.UgjIA6V1crmHOXpLHRUmdcGQ6ENJ3YIvwvqbLnE6oK8	2026-03-19 05:52:20.30876+00	2026-03-20 05:52:20+00	19	8803a46ef927481d8fabc0085b86e8bd
134	eyJhbGciOiJIUzI1NiIsInR5cCI6IkpXVCJ9.eyJ0b2tlbl90eXBlIjoicmVmcmVzaCIsImV4cCI6MTc3NDA2MTA4MiwiaWF0IjoxNzczOTc0NjgyLCJqdGkiOiJiMWQ4ZGQ2YjY1Yzg0YTczOTg3NTQ0OGQyZGEzMGE4MSIsInVzZXJfaWQiOiIxOSJ9.Fbvuxuj98KvFrCxbF4mtMsWxsEGayPG0FI5dW1JXWMY	2026-03-20 02:44:42.515455+00	2026-03-21 02:44:42+00	19	b1d8dd6b65c84a739875448d2da30a81
114	eyJhbGciOiJIUzI1NiIsInR5cCI6IkpXVCJ9.eyJ0b2tlbl90eXBlIjoicmVmcmVzaCIsImV4cCI6MTc3Mzk4NTk0MCwiaWF0IjoxNzczODk5NTQwLCJqdGkiOiI1ZjMxOTgwN2JkYmU0ODk2OGRjMmU1ZDVkNDVhMGE3MCIsInVzZXJfaWQiOiIxOSIsInJvbGUiOiJDTElFTlRFIiwiZnVsbF9uYW1lIjoiXHUwMGMxbmdlbCBHdXN0YXZvIE5hdmFycm8gR3V6bVx1MDBlMW4ifQ.P6Xj2Ptgu11bsiSWDhGcaL83VIEig4GeSukjrLo33cU	2026-03-19 05:52:20.382822+00	2026-03-20 05:52:20+00	19	5f319807bdbe48968dc2e5d5d45a0a70
115	eyJhbGciOiJIUzI1NiIsInR5cCI6IkpXVCJ9.eyJ0b2tlbl90eXBlIjoicmVmcmVzaCIsImV4cCI6MTc3Mzk4NjAyNCwiaWF0IjoxNzczODk5NjI0LCJqdGkiOiJmNzY3ODMyYjQyNzY0NWYwYWQ4MTczOGFiNDU1MGFkZiIsInVzZXJfaWQiOiIxOSIsInJvbGUiOiJDTElFTlRFIiwiZnVsbF9uYW1lIjoiXHUwMGMxbmdlbCBHdXN0YXZvIE5hdmFycm8gR3V6bVx1MDBlMW4ifQ.b1tFqfW56YqLf_VC5KGouBMlxLh-nidexvcDywtEq5U	2026-03-19 05:53:44.253671+00	2026-03-20 05:53:44+00	19	f767832b427645f0ad81738ab4550adf
116	eyJhbGciOiJIUzI1NiIsInR5cCI6IkpXVCJ9.eyJ0b2tlbl90eXBlIjoicmVmcmVzaCIsImV4cCI6MTc3Mzk4NjAyNCwiaWF0IjoxNzczODk5NjI0LCJqdGkiOiI2MWU4YjI2NWY0ZDc0MTQwYTExNDdkYWEyYmIyMTU4OCIsInVzZXJfaWQiOiIxOSIsInJvbGUiOiJDTElFTlRFIiwiZnVsbF9uYW1lIjoiXHUwMGMxbmdlbCBHdXN0YXZvIE5hdmFycm8gR3V6bVx1MDBlMW4ifQ.mlIJ1Z2Ql6wTYlMsuWrkpZ--TE61_1dyo7LnqV4UOzI	2026-03-19 05:53:44.327502+00	2026-03-20 05:53:44+00	19	61e8b265f4d74140a1147daa2bb21588
117	eyJhbGciOiJIUzI1NiIsInR5cCI6IkpXVCJ9.eyJ0b2tlbl90eXBlIjoicmVmcmVzaCIsImV4cCI6MTc3Mzk4NjExNSwiaWF0IjoxNzczODk5NzE1LCJqdGkiOiJkM2Q0OGY0ZDdlNDA0MzhmOGY2NmJmOTZhZDdiMjNhYyIsInVzZXJfaWQiOiIxOSIsInJvbGUiOiJDTElFTlRFIiwiZnVsbF9uYW1lIjoiXHUwMGMxbmdlbCBHdXN0YXZvIE5hdmFycm8gR3V6bVx1MDBlMW4ifQ._sqUVrVHjpLt_Jjmo8R8A70Dc3KajZDlViTvdeAPx5g	2026-03-19 05:55:15.990926+00	2026-03-20 05:55:15+00	19	d3d48f4d7e40438f8f66bf96ad7b23ac
118	eyJhbGciOiJIUzI1NiIsInR5cCI6IkpXVCJ9.eyJ0b2tlbl90eXBlIjoicmVmcmVzaCIsImV4cCI6MTc3Mzk4NjExNiwiaWF0IjoxNzczODk5NzE2LCJqdGkiOiI3MzUyYzNiNTI3NWI0ZWU5YTJmYjc2NTA2MTg2YzBmZCIsInVzZXJfaWQiOiIxOSIsInJvbGUiOiJDTElFTlRFIiwiZnVsbF9uYW1lIjoiXHUwMGMxbmdlbCBHdXN0YXZvIE5hdmFycm8gR3V6bVx1MDBlMW4ifQ.pZgEzrL3LpDc8Oth-UXMMFmuwr-hSVzHGjkqp3R4HWE	2026-03-19 05:55:16.065524+00	2026-03-20 05:55:16+00	19	7352c3b5275b4ee9a2fb76506186c0fd
119	eyJhbGciOiJIUzI1NiIsInR5cCI6IkpXVCJ9.eyJ0b2tlbl90eXBlIjoicmVmcmVzaCIsImV4cCI6MTc3Mzk4NjQyNiwiaWF0IjoxNzczOTAwMDI2LCJqdGkiOiIwZGU0NmQ1ZTgxNWY0YjhjOTJjMjlkMzUzYmM1MzBiOSIsInVzZXJfaWQiOiIxOSIsInJvbGUiOiJDTElFTlRFIiwiZnVsbF9uYW1lIjoiXHUwMGMxbmdlbCBHdXN0YXZvIE5hdmFycm8gR3V6bVx1MDBlMW4ifQ.TcJf_j4ZPbkH3wF-1_ZxcIsyprSEo5gDxB9cNGl3Cow	2026-03-19 06:00:26.271167+00	2026-03-20 06:00:26+00	19	0de46d5e815f4b8c92c29d353bc530b9
120	eyJhbGciOiJIUzI1NiIsInR5cCI6IkpXVCJ9.eyJ0b2tlbl90eXBlIjoicmVmcmVzaCIsImV4cCI6MTc3Mzk4NjQyNiwiaWF0IjoxNzczOTAwMDI2LCJqdGkiOiJhYmM1NGQxNzI1MGU0ZDJkOTIxNjExMTBkZTg2NTVmYyIsInVzZXJfaWQiOiIxOSIsInJvbGUiOiJDTElFTlRFIiwiZnVsbF9uYW1lIjoiXHUwMGMxbmdlbCBHdXN0YXZvIE5hdmFycm8gR3V6bVx1MDBlMW4ifQ.iEfNEbU8GaGAZV8i0A_kpo0Bm3NIzt_mkQG0EOXqCWk	2026-03-19 06:00:26.348376+00	2026-03-20 06:00:26+00	19	abc54d17250e4d2d92161110de8655fc
121	eyJhbGciOiJIUzI1NiIsInR5cCI6IkpXVCJ9.eyJ0b2tlbl90eXBlIjoicmVmcmVzaCIsImV4cCI6MTc3Mzk4NjY5NywiaWF0IjoxNzczOTAwMjk3LCJqdGkiOiI4ZWZlMDUzOGFhNDA0OGNiODFiMzQ3Zjc1YjUzY2RlYiIsInVzZXJfaWQiOiIxOSIsInJvbGUiOiJDTElFTlRFIiwiZnVsbF9uYW1lIjoiXHUwMGMxbmdlbCBHdXN0YXZvIE5hdmFycm8gR3V6bVx1MDBlMW4ifQ.AT2qGX1nrElw5X2YYdbXAVBtuZ2ZYilNn_W0geTR7dI	2026-03-19 06:04:57.198407+00	2026-03-20 06:04:57+00	19	8efe0538aa4048cb81b347f75b53cdeb
122	eyJhbGciOiJIUzI1NiIsInR5cCI6IkpXVCJ9.eyJ0b2tlbl90eXBlIjoicmVmcmVzaCIsImV4cCI6MTc3Mzk4NjY5NywiaWF0IjoxNzczOTAwMjk3LCJqdGkiOiJmNzRlMTc3YTI4YmM0ZWZkYjBlOTcwNWIyZjY3YWMxMiIsInVzZXJfaWQiOiIxOSIsInJvbGUiOiJDTElFTlRFIiwiZnVsbF9uYW1lIjoiXHUwMGMxbmdlbCBHdXN0YXZvIE5hdmFycm8gR3V6bVx1MDBlMW4ifQ.0znvakUH9rAB-ogb2UaeRiq7NuSXUxr8BPKGTmalLwc	2026-03-19 06:04:57.28477+00	2026-03-20 06:04:57+00	19	f74e177a28bc4efdb0e9705b2f67ac12
123	eyJhbGciOiJIUzI1NiIsInR5cCI6IkpXVCJ9.eyJ0b2tlbl90eXBlIjoicmVmcmVzaCIsImV4cCI6MTc3NDA1OTk0MCwiaWF0IjoxNzczOTczNTQwLCJqdGkiOiIzMWE3NzA0N2Y2NTg0NTI5YmE3NDVhMWJkMWY1MjNhMyIsInVzZXJfaWQiOiIxOSIsInJvbGUiOiJDTElFTlRFIiwiZnVsbF9uYW1lIjoiXHUwMGMxbmdlbCBHdXN0YXZvIE5hdmFycm8gR3V6bVx1MDBlMW4ifQ.Xm0fYDyW2QbgMuJDTEerNOpdzR284o1FZaNiD2KkziU	2026-03-20 02:25:40.962774+00	2026-03-21 02:25:40+00	19	31a77047f6584529ba745a1bd1f523a3
124	eyJhbGciOiJIUzI1NiIsInR5cCI6IkpXVCJ9.eyJ0b2tlbl90eXBlIjoicmVmcmVzaCIsImV4cCI6MTc3NDA1OTk0MSwiaWF0IjoxNzczOTczNTQxLCJqdGkiOiJlMWE2YTgwY2UxOTA0NWM0ODJjNzgxN2Y2MGQ3M2YwZCIsInVzZXJfaWQiOiIxOSIsInJvbGUiOiJDTElFTlRFIiwiZnVsbF9uYW1lIjoiXHUwMGMxbmdlbCBHdXN0YXZvIE5hdmFycm8gR3V6bVx1MDBlMW4ifQ.dqE3rcRbS8IN9-lrGaY0bNt9CyBoQrS00jDgOFSTZSc	2026-03-20 02:25:41.038107+00	2026-03-21 02:25:41+00	19	e1a6a80ce19045c482c7817f60d73f0d
125	eyJhbGciOiJIUzI1NiIsInR5cCI6IkpXVCJ9.eyJ0b2tlbl90eXBlIjoicmVmcmVzaCIsImV4cCI6MTc3NDA2MDA0MywiaWF0IjoxNzczOTczNjQzLCJqdGkiOiI5NDNhNTgxOTYzNjU0NzY1YmNhYjBhYmRhMTVkZTYzMSIsInVzZXJfaWQiOiIxOSJ9.Xqaync7tm5DGuMMNbsn1a1smKhMwlFOUH45SRUpuCYs	2026-03-20 02:27:23.35325+00	2026-03-21 02:27:23+00	19	943a581963654765bcab0abda15de631
126	eyJhbGciOiJIUzI1NiIsInR5cCI6IkpXVCJ9.eyJ0b2tlbl90eXBlIjoicmVmcmVzaCIsImV4cCI6MTc3NDA2MDA5OSwiaWF0IjoxNzczOTczNjk5LCJqdGkiOiI2ZGYzMWIzOTUzYTM0ZTVhYTEzY2UwYzdlYzY2N2I2ZCIsInVzZXJfaWQiOiIxOSJ9.ZLstROl9hSlbPGVWSmxJHb0zs18UPyaw4_NjWw_NovM	2026-03-20 02:28:19.282741+00	2026-03-21 02:28:19+00	19	6df31b3953a34e5aa13ce0c7ec667b6d
127	eyJhbGciOiJIUzI1NiIsInR5cCI6IkpXVCJ9.eyJ0b2tlbl90eXBlIjoicmVmcmVzaCIsImV4cCI6MTc3NDA2MDEyMCwiaWF0IjoxNzczOTczNzIwLCJqdGkiOiI5NWYyZjlhZDU1MjI0ZDQ1OWM1ZTZjNjUxMTY2N2ExMyIsInVzZXJfaWQiOiIxOSJ9.wGQM_PWGwkwWFw12pJYl8R2gLGtCtuGbZRSYWdTR9j4	2026-03-20 02:28:40.018756+00	2026-03-21 02:28:40+00	19	95f2f9ad55224d459c5e6c6511667a13
128	eyJhbGciOiJIUzI1NiIsInR5cCI6IkpXVCJ9.eyJ0b2tlbl90eXBlIjoicmVmcmVzaCIsImV4cCI6MTc3NDA2MDE3OSwiaWF0IjoxNzczOTczNzc5LCJqdGkiOiI1ZWE0NzljZjVkY2I0ZjYwOWZkZGE3ZTAzNTFhNWY0MiIsInVzZXJfaWQiOiIxOSJ9.pRp4z4yToWs9_coe2BwQVCBEp2xtQg5RAARroE8bH9Y	2026-03-20 02:29:39.123376+00	2026-03-21 02:29:39+00	19	5ea479cf5dcb4f609fdda7e0351a5f42
129	eyJhbGciOiJIUzI1NiIsInR5cCI6IkpXVCJ9.eyJ0b2tlbl90eXBlIjoicmVmcmVzaCIsImV4cCI6MTc3NDA2MDIyMywiaWF0IjoxNzczOTczODIzLCJqdGkiOiIxNzJlOGRjYTM0ZTk0NDhlOTllYTRhYWRhNGUwNTAwNSIsInVzZXJfaWQiOiIxOSJ9.RX3bgR-T09UAe7mkFUZZO0HpUIwnrUe2jbGjGLjqYDc	2026-03-20 02:30:23.318956+00	2026-03-21 02:30:23+00	19	172e8dca34e9448e99ea4aada4e05005
130	eyJhbGciOiJIUzI1NiIsInR5cCI6IkpXVCJ9.eyJ0b2tlbl90eXBlIjoicmVmcmVzaCIsImV4cCI6MTc3NDA2MDI5MSwiaWF0IjoxNzczOTczODkxLCJqdGkiOiIwYzBlNWQ1MzQ1Zjk0ZGMwODYxNjUzZmI0MDQ5OGIyYiIsInVzZXJfaWQiOiIxOSJ9.YwfL15IhyQmS0cPR-M1NeJbCj_9A2QZt4mYXzrKtnBg	2026-03-20 02:31:31.189672+00	2026-03-21 02:31:31+00	19	0c0e5d5345f94dc0861653fb40498b2b
131	eyJhbGciOiJIUzI1NiIsInR5cCI6IkpXVCJ9.eyJ0b2tlbl90eXBlIjoicmVmcmVzaCIsImV4cCI6MTc3NDA2MDM5MCwiaWF0IjoxNzczOTczOTkwLCJqdGkiOiI0MzIwNWE3YzhiMzc0NDZlOTMwNDNkMzgzMTQ1NTIwMiIsInVzZXJfaWQiOiIxOSJ9.tHv0CIA7O7BczS5rBlOixHmQ7F6e3VfAXLBgkf5OKgU	2026-03-20 02:33:10.663875+00	2026-03-21 02:33:10+00	19	43205a7c8b37446e93043d3831455202
132	eyJhbGciOiJIUzI1NiIsInR5cCI6IkpXVCJ9.eyJ0b2tlbl90eXBlIjoicmVmcmVzaCIsImV4cCI6MTc3NDA2MDQyOSwiaWF0IjoxNzczOTc0MDI5LCJqdGkiOiJlZmU3ZTk2MTdmNjk0Y2E5OTQ5Yzc4NTcxZDEzNjgwMiIsInVzZXJfaWQiOiIxOSJ9.R6DMYBMX9NaJlypNj5fFI7Ih4Gba62TMRb9UJ0cmWRQ	2026-03-20 02:33:49.97485+00	2026-03-21 02:33:49+00	19	efe7e9617f694ca9949c78571d136802
133	eyJhbGciOiJIUzI1NiIsInR5cCI6IkpXVCJ9.eyJ0b2tlbl90eXBlIjoicmVmcmVzaCIsImV4cCI6MTc3NDA2MDkzMiwiaWF0IjoxNzczOTc0NTMyLCJqdGkiOiIyMDE4YTNlODUyODI0MTFiOWJlNmUxMmM1N2M0NzcyMyIsInVzZXJfaWQiOiIxOSJ9._1degZTDlfgT32W-rVBCzgg2dP2lzFRjsRFnATUnu8o	2026-03-20 02:42:12.228964+00	2026-03-21 02:42:12+00	19	2018a3e85282411b9be6e12c57c47723
135	eyJhbGciOiJIUzI1NiIsInR5cCI6IkpXVCJ9.eyJ0b2tlbl90eXBlIjoicmVmcmVzaCIsImV4cCI6MTc3NDA2MTM1MCwiaWF0IjoxNzczOTc0OTUwLCJqdGkiOiIyMDU3NGZhMmUzNmY0NjBlOTgxMTYwNTZmM2ExNjk4YiIsInVzZXJfaWQiOiIxOSIsInJvbGUiOiJDTElFTlRFIiwiZnVsbF9uYW1lIjoiXHUwMGMxbmdlbCBHdXN0YXZvIE5hdmFycm8gR3V6bVx1MDBlMW4ifQ.02CkJHxKdIsMPLmWMsoFuCJoYy9ACiB0LTo2Cz4D5aQ	2026-03-20 02:49:10.060712+00	2026-03-21 02:49:10+00	19	20574fa2e36f460e98116056f3a1698b
136	eyJhbGciOiJIUzI1NiIsInR5cCI6IkpXVCJ9.eyJ0b2tlbl90eXBlIjoicmVmcmVzaCIsImV4cCI6MTc3NDA2MTM1MCwiaWF0IjoxNzczOTc0OTUwLCJqdGkiOiIzZGUxOTA4OWQyOGE0YWY0OTE0Zjc1YzI2ZDFjYzFjMyIsInVzZXJfaWQiOiIxOSIsInJvbGUiOiJDTElFTlRFIiwiZnVsbF9uYW1lIjoiXHUwMGMxbmdlbCBHdXN0YXZvIE5hdmFycm8gR3V6bVx1MDBlMW4ifQ.PfFy8Zkm_YXe_iZubeVz2CXHcw2ym00qEDyz1lq8h1M	2026-03-20 02:49:10.14918+00	2026-03-21 02:49:10+00	19	3de19089d28a4af4914f75c26d1cc1c3
137	eyJhbGciOiJIUzI1NiIsInR5cCI6IkpXVCJ9.eyJ0b2tlbl90eXBlIjoicmVmcmVzaCIsImV4cCI6MTc3NDA2MTQzNSwiaWF0IjoxNzczOTc1MDM1LCJqdGkiOiJlMmVlMDE1MGJiMTY0M2UzOWE0YTY2OGU4M2ZjODk2YyIsInVzZXJfaWQiOiIxOSIsInJvbGUiOiJDTElFTlRFIiwiZnVsbF9uYW1lIjoiXHUwMGMxbmdlbCBHdXN0YXZvIE5hdmFycm8gR3V6bVx1MDBlMW4ifQ.vNGS-o3SvNsVfXnmVsNQgzecyGTFIuKGG2c4taFgt4k	2026-03-20 02:50:35.987913+00	2026-03-21 02:50:35+00	19	e2ee0150bb1643e39a4a668e83fc896c
138	eyJhbGciOiJIUzI1NiIsInR5cCI6IkpXVCJ9.eyJ0b2tlbl90eXBlIjoicmVmcmVzaCIsImV4cCI6MTc3NDA2MTQzNiwiaWF0IjoxNzczOTc1MDM2LCJqdGkiOiJkZjJjNWZhMTFlZmE0NTVkOGQyMjVlNDkzNjI5YWU0YiIsInVzZXJfaWQiOiIxOSIsInJvbGUiOiJDTElFTlRFIiwiZnVsbF9uYW1lIjoiXHUwMGMxbmdlbCBHdXN0YXZvIE5hdmFycm8gR3V6bVx1MDBlMW4ifQ.NPjMKjjWnwbCGjHo-E6Fn7pRQ16AtGM87pqut-829vY	2026-03-20 02:50:36.071516+00	2026-03-21 02:50:36+00	19	df2c5fa11efa455d8d225e493629ae4b
139	eyJhbGciOiJIUzI1NiIsInR5cCI6IkpXVCJ9.eyJ0b2tlbl90eXBlIjoicmVmcmVzaCIsImV4cCI6MTc3NDA2MTQ0MiwiaWF0IjoxNzczOTc1MDQyLCJqdGkiOiJmNDk5ODFjNWFiODk0MjdlYjllNmNhN2M0YTlmMmVhZSIsInVzZXJfaWQiOiIxOSJ9.SvuK0IcAQF2IxH31WiPQXz8G5gbCGl0dAwvIPsOlLHE	2026-03-20 02:50:42.84777+00	2026-03-21 02:50:42+00	19	f49981c5ab89427eb9e6ca7c4a9f2eae
170	eyJhbGciOiJIUzI1NiIsInR5cCI6IkpXVCJ9.eyJ0b2tlbl90eXBlIjoicmVmcmVzaCIsImV4cCI6MTc3NDMxMDMyMSwiaWF0IjoxNzc0MjIzOTIxLCJqdGkiOiIyODAyYWU2OWE1MjE0N2FhODJlMjgyN2I4NjIxYjc4OSIsInVzZXJfaWQiOiIxOSJ9.k1_6G8tR4lGF0SiL6eUrDyZ6OQJwLFxUzfwNaqtWflY	2026-03-22 23:58:41.496126+00	2026-03-23 23:58:41+00	19	2802ae69a52147aa82e2827b8621b789
171	eyJhbGciOiJIUzI1NiIsInR5cCI6IkpXVCJ9.eyJ0b2tlbl90eXBlIjoicmVmcmVzaCIsImV4cCI6MTc3NDMxMDYyMSwiaWF0IjoxNzc0MjI0MjIxLCJqdGkiOiJkMGRiODhlN2NkZmQ0MWRlOTliOTVjMzNiNzQxNDM4OSIsInVzZXJfaWQiOiIxOSIsInJvbGUiOiJDTElFTlRFIiwiZnVsbF9uYW1lIjoiXHUwMGMxbmdlbCBHdXN0YXZvIE5hdmFycm8gR3V6bVx1MDBlMW4ifQ.Cnh6ZqYOLwSK9yXn90WsnpDuQ1ekIca2VSFA1d9w-pE	2026-03-23 00:03:41.724634+00	2026-03-24 00:03:41+00	19	d0db88e7cdfd41de99b95c33b7414389
172	eyJhbGciOiJIUzI1NiIsInR5cCI6IkpXVCJ9.eyJ0b2tlbl90eXBlIjoicmVmcmVzaCIsImV4cCI6MTc3NDMxMDYyMSwiaWF0IjoxNzc0MjI0MjIxLCJqdGkiOiI3Y2I4YzIyOGJjOWU0Njg5YmNmYTkzYzc5YTQxZjcwMSIsInVzZXJfaWQiOiIxOSIsInJvbGUiOiJDTElFTlRFIiwiZnVsbF9uYW1lIjoiXHUwMGMxbmdlbCBHdXN0YXZvIE5hdmFycm8gR3V6bVx1MDBlMW4ifQ.gArVM7fz5C7PD0oHaHwp-qT4TdyFJtlrr_fcXyKlTTs	2026-03-23 00:03:41.850315+00	2026-03-24 00:03:41+00	19	7cb8c228bc9e4689bcfa93c79a41f701
173	eyJhbGciOiJIUzI1NiIsInR5cCI6IkpXVCJ9.eyJ0b2tlbl90eXBlIjoicmVmcmVzaCIsImV4cCI6MTc3NDMxMDkyMSwiaWF0IjoxNzc0MjI0NTIxLCJqdGkiOiJiZTc2OWNiYWUzMTA0ZjIyYTAyMzJiOGE5M2Y4YTA4MyIsInVzZXJfaWQiOiIxOSIsInJvbGUiOiJDTElFTlRFIiwiZnVsbF9uYW1lIjoiXHUwMGMxbmdlbCBHdXN0YXZvIE5hdmFycm8gR3V6bVx1MDBlMW4ifQ.aGCkX4V1EuTGTyk36T8lMMYHdF1uSIU99u4aXRBt8mQ	2026-03-23 00:08:41.389464+00	2026-03-24 00:08:41+00	19	be769cbae3104f22a0232b8a93f8a083
174	eyJhbGciOiJIUzI1NiIsInR5cCI6IkpXVCJ9.eyJ0b2tlbl90eXBlIjoicmVmcmVzaCIsImV4cCI6MTc3NDMxMDkyMSwiaWF0IjoxNzc0MjI0NTIxLCJqdGkiOiJlYTFkNzM1MjEyYzE0MDc0YmRhOWJkNDAxNzE0OGIwOSIsInVzZXJfaWQiOiIxOSIsInJvbGUiOiJDTElFTlRFIiwiZnVsbF9uYW1lIjoiXHUwMGMxbmdlbCBHdXN0YXZvIE5hdmFycm8gR3V6bVx1MDBlMW4ifQ.5CuJBhug6MSZA9G3V_0xvHxMjyFSJzvQ1hxeA2Z3IT0	2026-03-23 00:08:41.513014+00	2026-03-24 00:08:41+00	19	ea1d735212c14074bda9bd4017148b09
175	eyJhbGciOiJIUzI1NiIsInR5cCI6IkpXVCJ9.eyJ0b2tlbl90eXBlIjoicmVmcmVzaCIsImV4cCI6MTc3NDMxMTIyMCwiaWF0IjoxNzc0MjI0ODIwLCJqdGkiOiI4MzQyMmZlOWRjM2I0OGJjYTE1YTU4MzAyY2UwMDQ2OSIsInVzZXJfaWQiOiIxOSIsInJvbGUiOiJDTElFTlRFIiwiZnVsbF9uYW1lIjoiXHUwMGMxbmdlbCBHdXN0YXZvIE5hdmFycm8gR3V6bVx1MDBlMW4ifQ.Uc7p0JJPom0EVfg8CgkferExGuBa2chjJBueDLLtz4s	2026-03-23 00:13:40.970835+00	2026-03-24 00:13:40+00	19	83422fe9dc3b48bca15a58302ce00469
176	eyJhbGciOiJIUzI1NiIsInR5cCI6IkpXVCJ9.eyJ0b2tlbl90eXBlIjoicmVmcmVzaCIsImV4cCI6MTc3NDMxMTIyMSwiaWF0IjoxNzc0MjI0ODIxLCJqdGkiOiI2OWJlYWQ4ZTBjNDE0N2JlYmFkMmZlOWUxOWY3YjQ0YiIsInVzZXJfaWQiOiIxOSIsInJvbGUiOiJDTElFTlRFIiwiZnVsbF9uYW1lIjoiXHUwMGMxbmdlbCBHdXN0YXZvIE5hdmFycm8gR3V6bVx1MDBlMW4ifQ.6yw0ODYOHUE2lnQ62Pn8jXUvA1nGsanxkDW2Y6pw0t4	2026-03-23 00:13:41.094622+00	2026-03-24 00:13:41+00	19	69bead8e0c4147bebad2fe9e19f7b44b
177	eyJhbGciOiJIUzI1NiIsInR5cCI6IkpXVCJ9.eyJ0b2tlbl90eXBlIjoicmVmcmVzaCIsImV4cCI6MTc3NDMxMTUyMiwiaWF0IjoxNzc0MjI1MTIyLCJqdGkiOiIzODg3MDEzZWMxZGI0Y2ZiOTY5YzgyOThhNGM4ODFiOSIsInVzZXJfaWQiOiIxOSIsInJvbGUiOiJDTElFTlRFIiwiZnVsbF9uYW1lIjoiXHUwMGMxbmdlbCBHdXN0YXZvIE5hdmFycm8gR3V6bVx1MDBlMW4ifQ.hfCqIIUCYXTlrNILsMFKHVJwAZcu8-Kg9ncqjJRJYC8	2026-03-23 00:18:42.846022+00	2026-03-24 00:18:42+00	19	3887013ec1db4cfb969c8298a4c881b9
178	eyJhbGciOiJIUzI1NiIsInR5cCI6IkpXVCJ9.eyJ0b2tlbl90eXBlIjoicmVmcmVzaCIsImV4cCI6MTc3NDMxMTUyMiwiaWF0IjoxNzc0MjI1MTIyLCJqdGkiOiJlNDY1OTgwNzVkNWE0ZWEyOTBjMWU2MmMzYWY0ODM1OCIsInVzZXJfaWQiOiIxOSIsInJvbGUiOiJDTElFTlRFIiwiZnVsbF9uYW1lIjoiXHUwMGMxbmdlbCBHdXN0YXZvIE5hdmFycm8gR3V6bVx1MDBlMW4ifQ.B2MGQTRyoidtWAnL2BdmZxOAU93HqCLt0-5L-3qD6M8	2026-03-23 00:18:42.964696+00	2026-03-24 00:18:42+00	19	e46598075d5a4ea290c1e62c3af48358
179	eyJhbGciOiJIUzI1NiIsInR5cCI6IkpXVCJ9.eyJ0b2tlbl90eXBlIjoicmVmcmVzaCIsImV4cCI6MTc3NDMxMzgxMiwiaWF0IjoxNzc0MjI3NDEyLCJqdGkiOiJiOTg0MjAxMDE2YWQ0ZGYyYTUwMDllYjRhZTZlODU1MyIsInVzZXJfaWQiOiIxOSIsInJvbGUiOiJDTElFTlRFIiwiZnVsbF9uYW1lIjoiXHUwMGMxbmdlbCBHdXN0YXZvIE5hdmFycm8gR3V6bVx1MDBlMW4ifQ.fAKFYVKYkMdXqWGiY6Al5F8rhftgHdPMHrzdU4yLZNA	2026-03-23 00:56:52.995209+00	2026-03-24 00:56:52+00	19	b984201016ad4df2a5009eb4ae6e8553
180	eyJhbGciOiJIUzI1NiIsInR5cCI6IkpXVCJ9.eyJ0b2tlbl90eXBlIjoicmVmcmVzaCIsImV4cCI6MTc3NDMxMzgxMiwiaWF0IjoxNzc0MjI3NDEyLCJqdGkiOiIyNmZmODhiMDU4MmU0MDI1ODAzOTVkZGIyNDU1YTU5NSIsInVzZXJfaWQiOiIxOSIsInJvbGUiOiJDTElFTlRFIiwiZnVsbF9uYW1lIjoiXHUwMGMxbmdlbCBHdXN0YXZvIE5hdmFycm8gR3V6bVx1MDBlMW4ifQ.bhYovafM90_hRG5ywzrrvfM4K6Tk6Si2ROtneUmnkj0	2026-03-23 00:56:52.996838+00	2026-03-24 00:56:52+00	19	26ff88b0582e402580395ddb2455a595
181	eyJhbGciOiJIUzI1NiIsInR5cCI6IkpXVCJ9.eyJ0b2tlbl90eXBlIjoicmVmcmVzaCIsImV4cCI6MTc3NDMxNDAxMiwiaWF0IjoxNzc0MjI3NjEyLCJqdGkiOiJjNmFjMGNiYWQ5MmM0MjM4OTM1ZWE2NzEwN2ZjMDY4ZiIsInVzZXJfaWQiOiIxOSIsInJvbGUiOiJDTElFTlRFIiwiZnVsbF9uYW1lIjoiXHUwMGMxbmdlbCBHdXN0YXZvIE5hdmFycm8gR3V6bVx1MDBlMW4ifQ.VSz5KaBvX_pwl4DM3tmzPRXHia2ugFaIop9SkRCWy70	2026-03-23 01:00:12.114993+00	2026-03-24 01:00:12+00	19	c6ac0cbad92c4238935ea67107fc068f
182	eyJhbGciOiJIUzI1NiIsInR5cCI6IkpXVCJ9.eyJ0b2tlbl90eXBlIjoicmVmcmVzaCIsImV4cCI6MTc3NDMxNDA1OSwiaWF0IjoxNzc0MjI3NjU5LCJqdGkiOiJhNjQ5NDRkZjg0ODQ0MzVhYWQzYTUwMmUwZjBiMjJiMyIsInVzZXJfaWQiOiIxOSIsInJvbGUiOiJDTElFTlRFIiwiZnVsbF9uYW1lIjoiXHUwMGMxbmdlbCBHdXN0YXZvIE5hdmFycm8gR3V6bVx1MDBlMW4ifQ.tfX-zMdN3NxJqgdmODNsFuykhHuPRsZ2CwIEQKYqI4g	2026-03-23 01:00:59.992161+00	2026-03-24 01:00:59+00	19	a64944df8484435aad3a502e0f0b22b3
183	eyJhbGciOiJIUzI1NiIsInR5cCI6IkpXVCJ9.eyJ0b2tlbl90eXBlIjoicmVmcmVzaCIsImV4cCI6MTc3NDMxNDkyNSwiaWF0IjoxNzc0MjI4NTI1LCJqdGkiOiI2NmFlOWJiYzBmNDI0YmM5OWNiZjUyYTZiYTczNGMwNiIsInVzZXJfaWQiOiIxOSIsInJvbGUiOiJDTElFTlRFIiwiZnVsbF9uYW1lIjoiXHUwMGMxbmdlbCBHdXN0YXZvIE5hdmFycm8gR3V6bVx1MDBlMW4ifQ.oyu6X91l8iNw395Jfp7eRydNeJD2RNpom8MkrDXQnh0	2026-03-23 01:15:25.644194+00	2026-03-24 01:15:25+00	19	66ae9bbc0f424bc99cbf52a6ba734c06
184	eyJhbGciOiJIUzI1NiIsInR5cCI6IkpXVCJ9.eyJ0b2tlbl90eXBlIjoicmVmcmVzaCIsImV4cCI6MTc3NDMxNDkyNSwiaWF0IjoxNzc0MjI4NTI1LCJqdGkiOiJjYWFhODQyNDBiMTg0ODRlOWVlNzE1ZWI0YjI5MDVkOSIsInVzZXJfaWQiOiIxOSIsInJvbGUiOiJDTElFTlRFIiwiZnVsbF9uYW1lIjoiXHUwMGMxbmdlbCBHdXN0YXZvIE5hdmFycm8gR3V6bVx1MDBlMW4ifQ.dbxPU5Qv_qv4_x-TgdzsxEudOp_ANYOHS1f2iCSYPL0	2026-03-23 01:15:25.814867+00	2026-03-24 01:15:25+00	19	caaa84240b18484e9ee715eb4b2905d9
185	eyJhbGciOiJIUzI1NiIsInR5cCI6IkpXVCJ9.eyJ0b2tlbl90eXBlIjoicmVmcmVzaCIsImV4cCI6MTc3NDMxNTA0OCwiaWF0IjoxNzc0MjI4NjQ4LCJqdGkiOiJjYmUxMTQ5ZGE2MjI0MGMwYjBkN2FmNzRjZDg4NDNhNyIsInVzZXJfaWQiOiIxOSIsInJvbGUiOiJDTElFTlRFIiwiZnVsbF9uYW1lIjoiXHUwMGMxbmdlbCBHdXN0YXZvIE5hdmFycm8gR3V6bVx1MDBlMW4ifQ.9kfta25OzIuST29xJGd9pHmzhv5FrrjbRvj0Xtb1ylo	2026-03-23 01:17:28.602234+00	2026-03-24 01:17:28+00	19	cbe1149da62240c0b0d7af74cd8843a7
186	eyJhbGciOiJIUzI1NiIsInR5cCI6IkpXVCJ9.eyJ0b2tlbl90eXBlIjoicmVmcmVzaCIsImV4cCI6MTc3NDMxNTA0OCwiaWF0IjoxNzc0MjI4NjQ4LCJqdGkiOiI2OGVjZTEwNTBmODk0YjVhYjAxN2M1NjkzM2QwMDUyMCIsInVzZXJfaWQiOiIxOSIsInJvbGUiOiJDTElFTlRFIiwiZnVsbF9uYW1lIjoiXHUwMGMxbmdlbCBHdXN0YXZvIE5hdmFycm8gR3V6bVx1MDBlMW4ifQ.u9mHC6VVBOU6dZtDp5jEFmeBeR22sJQzZd7q8jfRKng	2026-03-23 01:17:28.711901+00	2026-03-24 01:17:28+00	19	68ece1050f894b5ab017c56933d00520
187	eyJhbGciOiJIUzI1NiIsInR5cCI6IkpXVCJ9.eyJ0b2tlbl90eXBlIjoicmVmcmVzaCIsImV4cCI6MTc3NDMxNTE0MywiaWF0IjoxNzc0MjI4NzQzLCJqdGkiOiIzYTFhNGFhYjZjZWQ0YTNmYjljZTQ3OTZhNDAwMjhkMiIsInVzZXJfaWQiOiIxOSIsInJvbGUiOiJDTElFTlRFIiwiZnVsbF9uYW1lIjoiXHUwMGMxbmdlbCBHdXN0YXZvIE5hdmFycm8gR3V6bVx1MDBlMW4ifQ.bRKdVoaftoApl3nHZwN3rWkAmcDvG-kJdLGmPPGxSCU	2026-03-23 01:19:03.708766+00	2026-03-24 01:19:03+00	19	3a1a4aab6ced4a3fb9ce4796a40028d2
188	eyJhbGciOiJIUzI1NiIsInR5cCI6IkpXVCJ9.eyJ0b2tlbl90eXBlIjoicmVmcmVzaCIsImV4cCI6MTc3NDMxNTMwMiwiaWF0IjoxNzc0MjI4OTAyLCJqdGkiOiI1OWFmOGYzMGI1ZDE0NDM4OTgyMjBlNjVmYjk2NWRhOCIsInVzZXJfaWQiOiIxOSIsInJvbGUiOiJDTElFTlRFIiwiZnVsbF9uYW1lIjoiXHUwMGMxbmdlbCBHdXN0YXZvIE5hdmFycm8gR3V6bVx1MDBlMW4ifQ.leddf4lqsYc_oT35wGwoTWnM2zF8yPMzH6NRe7UeY7s	2026-03-23 01:21:42.432416+00	2026-03-24 01:21:42+00	19	59af8f30b5d1443898220e65fb965da8
189	eyJhbGciOiJIUzI1NiIsInR5cCI6IkpXVCJ9.eyJ0b2tlbl90eXBlIjoicmVmcmVzaCIsImV4cCI6MTc3NDMxNTMwMiwiaWF0IjoxNzc0MjI4OTAyLCJqdGkiOiIwZWU1OTgzODVhZDI0NzA0YjQ1MWRhZTBhZDYwNWEyOCIsInVzZXJfaWQiOiIxOSIsInJvbGUiOiJDTElFTlRFIiwiZnVsbF9uYW1lIjoiXHUwMGMxbmdlbCBHdXN0YXZvIE5hdmFycm8gR3V6bVx1MDBlMW4ifQ.d5_zGV90nm1oYONqxW2ZTIbSuiLxaQqV4sThWlUUkGA	2026-03-23 01:21:42.540282+00	2026-03-24 01:21:42+00	19	0ee598385ad24704b451dae0ad605a28
190	eyJhbGciOiJIUzI1NiIsInR5cCI6IkpXVCJ9.eyJ0b2tlbl90eXBlIjoicmVmcmVzaCIsImV4cCI6MTc3NDMxNTQwMSwiaWF0IjoxNzc0MjI5MDAxLCJqdGkiOiJmZjA3MTRiNjE0ZTk0ZDllOTEwYjY1MGM1ZGUxMGViNyIsInVzZXJfaWQiOiIxOSIsInJvbGUiOiJDTElFTlRFIiwiZnVsbF9uYW1lIjoiXHUwMGMxbmdlbCBHdXN0YXZvIE5hdmFycm8gR3V6bVx1MDBlMW4ifQ.q0JKT4cpscQfHkPFb_DfTJBNLMKJRblPn0T0Ik8msok	2026-03-23 01:23:21.776177+00	2026-03-24 01:23:21+00	19	ff0714b614e94d9e910b650c5de10eb7
191	eyJhbGciOiJIUzI1NiIsInR5cCI6IkpXVCJ9.eyJ0b2tlbl90eXBlIjoicmVmcmVzaCIsImV4cCI6MTc3NDMxNTQwMSwiaWF0IjoxNzc0MjI5MDAxLCJqdGkiOiIxNGUxNDlkZjY2Nzk0NGNkOTVhZmI3NjI0MDg1OTZkYyIsInVzZXJfaWQiOiIxOSIsInJvbGUiOiJDTElFTlRFIiwiZnVsbF9uYW1lIjoiXHUwMGMxbmdlbCBHdXN0YXZvIE5hdmFycm8gR3V6bVx1MDBlMW4ifQ.XLBy0lPQ8pIqcK289dJOBUKEXUgRsncNLslp_GwKRhs	2026-03-23 01:23:21.89051+00	2026-03-24 01:23:21+00	19	14e149df667944cd95afb762408596dc
192	eyJhbGciOiJIUzI1NiIsInR5cCI6IkpXVCJ9.eyJ0b2tlbl90eXBlIjoicmVmcmVzaCIsImV4cCI6MTc3NDMxNTY1MSwiaWF0IjoxNzc0MjI5MjUxLCJqdGkiOiIzZTUyNjM5Y2M2MzU0OTFiOTU0NjlmYTM0MDMwMmEyOCIsInVzZXJfaWQiOiIxOSIsInJvbGUiOiJDTElFTlRFIiwiZnVsbF9uYW1lIjoiXHUwMGMxbmdlbCBHdXN0YXZvIE5hdmFycm8gR3V6bVx1MDBlMW4ifQ.klVsdiye0quGQVT-ib0rCDUwWb-seajygi98vGxdtQo	2026-03-23 01:27:31.07347+00	2026-03-24 01:27:31+00	19	3e52639cc635491b95469fa340302a28
193	eyJhbGciOiJIUzI1NiIsInR5cCI6IkpXVCJ9.eyJ0b2tlbl90eXBlIjoicmVmcmVzaCIsImV4cCI6MTc3NDMxNTY1MSwiaWF0IjoxNzc0MjI5MjUxLCJqdGkiOiI3MWI0ZWI3ODJjMTU0OTI0ODQ1MGM2Yzg5ZDM0ZGY2NyIsInVzZXJfaWQiOiIxOSIsInJvbGUiOiJDTElFTlRFIiwiZnVsbF9uYW1lIjoiXHUwMGMxbmdlbCBHdXN0YXZvIE5hdmFycm8gR3V6bVx1MDBlMW4ifQ.lqA5nT5sFG63Ms9lfLYGC7Kl35R1DdOwyRAeShh8ov8	2026-03-23 01:27:31.235018+00	2026-03-24 01:27:31+00	19	71b4eb782c1549248450c6c89d34df67
194	eyJhbGciOiJIUzI1NiIsInR5cCI6IkpXVCJ9.eyJ0b2tlbl90eXBlIjoicmVmcmVzaCIsImV4cCI6MTc3NDMxNTY4NywiaWF0IjoxNzc0MjI5Mjg3LCJqdGkiOiIxYWQxODlkZGY5NDE0YzI1YjFhYmJiNGFlZGQyNzgyMSIsInVzZXJfaWQiOiIxOSIsInJvbGUiOiJDTElFTlRFIiwiZnVsbF9uYW1lIjoiXHUwMGMxbmdlbCBHdXN0YXZvIE5hdmFycm8gR3V6bVx1MDBlMW4ifQ.h4YiqFnrjDR6iSzLuFrFx0W4XwHNkp1AHxdDy6FOjZI	2026-03-23 01:28:07.752753+00	2026-03-24 01:28:07+00	19	1ad189ddf9414c25b1abbb4aedd27821
195	eyJhbGciOiJIUzI1NiIsInR5cCI6IkpXVCJ9.eyJ0b2tlbl90eXBlIjoicmVmcmVzaCIsImV4cCI6MTc3NDMxNTY4NywiaWF0IjoxNzc0MjI5Mjg3LCJqdGkiOiI2M2RiMjc2NTkxM2Y0MmRlYjI5N2RmNDMzYzAzOWI3OCIsInVzZXJfaWQiOiIxOSIsInJvbGUiOiJDTElFTlRFIiwiZnVsbF9uYW1lIjoiXHUwMGMxbmdlbCBHdXN0YXZvIE5hdmFycm8gR3V6bVx1MDBlMW4ifQ.tngZpZimeDOLSVLnH--VXHlmseGfy8NsPPiQfVSrk2E	2026-03-23 01:28:07.798162+00	2026-03-24 01:28:07+00	19	63db2765913f42deb297df433c039b78
196	eyJhbGciOiJIUzI1NiIsInR5cCI6IkpXVCJ9.eyJ0b2tlbl90eXBlIjoicmVmcmVzaCIsImV4cCI6MTc3NDMxNTczOSwiaWF0IjoxNzc0MjI5MzM5LCJqdGkiOiJkYWRkYzU3YmRlOWE0MWQ0YmRkMTUxNmU5ZWIyYWFmNCIsInVzZXJfaWQiOiIxOSIsInJvbGUiOiJDTElFTlRFIiwiZnVsbF9uYW1lIjoiXHUwMGMxbmdlbCBHdXN0YXZvIE5hdmFycm8gR3V6bVx1MDBlMW4ifQ.0g1ugmJwhL96WTCtGjysdfmhtil1jkxnrOPgpU5tZxg	2026-03-23 01:28:59.54386+00	2026-03-24 01:28:59+00	19	daddc57bde9a41d4bdd1516e9eb2aaf4
197	eyJhbGciOiJIUzI1NiIsInR5cCI6IkpXVCJ9.eyJ0b2tlbl90eXBlIjoicmVmcmVzaCIsImV4cCI6MTc3NDMxNTczOSwiaWF0IjoxNzc0MjI5MzM5LCJqdGkiOiI4YTkzZjE0MGM2MmE0YjE4YWJhNGI4ZTY3OWMzMmI1YSIsInVzZXJfaWQiOiIxOSIsInJvbGUiOiJDTElFTlRFIiwiZnVsbF9uYW1lIjoiXHUwMGMxbmdlbCBHdXN0YXZvIE5hdmFycm8gR3V6bVx1MDBlMW4ifQ.JTdtfWR88Lw120AgdpNUh7AtnxYwov6RPLH_gGV0mjE	2026-03-23 01:28:59.653811+00	2026-03-24 01:28:59+00	19	8a93f140c62a4b18aba4b8e679c32b5a
198	eyJhbGciOiJIUzI1NiIsInR5cCI6IkpXVCJ9.eyJ0b2tlbl90eXBlIjoicmVmcmVzaCIsImV4cCI6MTc3NDMxNzEwNSwiaWF0IjoxNzc0MjMwNzA1LCJqdGkiOiJkYTk0NTdiNzhkMzQ0MDI1OTQ0ODVlMGMwMjA0MzczZiIsInVzZXJfaWQiOiIxOSIsInJvbGUiOiJDTElFTlRFIiwiZnVsbF9uYW1lIjoiXHUwMGMxbmdlbCBHdXN0YXZvIE5hdmFycm8gR3V6bVx1MDBlMW4ifQ.08mUg0MjzLco-5xu3LPD5PPS7tzoxS31P3yVyTsljkE	2026-03-23 01:51:45.558904+00	2026-03-24 01:51:45+00	19	da9457b78d34402594485e0c0204373f
199	eyJhbGciOiJIUzI1NiIsInR5cCI6IkpXVCJ9.eyJ0b2tlbl90eXBlIjoicmVmcmVzaCIsImV4cCI6MTc3NDMxNzEwNSwiaWF0IjoxNzc0MjMwNzA1LCJqdGkiOiI4OGI0ZDExMmE5MGU0Yzc2ODEzMjM1YjU3ZDc3NDljOSIsInVzZXJfaWQiOiIxOSIsInJvbGUiOiJDTElFTlRFIiwiZnVsbF9uYW1lIjoiXHUwMGMxbmdlbCBHdXN0YXZvIE5hdmFycm8gR3V6bVx1MDBlMW4ifQ.B0FFHqmdjoKBbh7Adp4CaFIZNwqUKHuoEgomKeOrqQ4	2026-03-23 01:51:45.671534+00	2026-03-24 01:51:45+00	19	88b4d112a90e4c76813235b57d7749c9
200	eyJhbGciOiJIUzI1NiIsInR5cCI6IkpXVCJ9.eyJ0b2tlbl90eXBlIjoicmVmcmVzaCIsImV4cCI6MTc3NDMxNzM3NywiaWF0IjoxNzc0MjMwOTc3LCJqdGkiOiJjNGFiYmQwZWU2YWQ0ODQxOGI5NzdjNWYyM2IyMjc3MiIsInVzZXJfaWQiOiIxOSIsInJvbGUiOiJDTElFTlRFIiwiZnVsbF9uYW1lIjoiXHUwMGMxbmdlbCBHdXN0YXZvIE5hdmFycm8gR3V6bVx1MDBlMW4ifQ.K-VhVFWYeHi9r94DuxJRYMlcGn88Q8Oq1Dm8QVH6AG8	2026-03-23 01:56:17.294888+00	2026-03-24 01:56:17+00	19	c4abbd0ee6ad48418b977c5f23b22772
201	eyJhbGciOiJIUzI1NiIsInR5cCI6IkpXVCJ9.eyJ0b2tlbl90eXBlIjoicmVmcmVzaCIsImV4cCI6MTc3NDMxNzM3NywiaWF0IjoxNzc0MjMwOTc3LCJqdGkiOiI0YjQ3OWI3YzVkZmI0OTMxODk1YzQ4N2Y1OGIyZjI5ZCIsInVzZXJfaWQiOiIxOSIsInJvbGUiOiJDTElFTlRFIiwiZnVsbF9uYW1lIjoiXHUwMGMxbmdlbCBHdXN0YXZvIE5hdmFycm8gR3V6bVx1MDBlMW4ifQ.uAr1GLxDEXYWDV-ffV34YNT_7f8wwSXg9OqyQWxVais	2026-03-23 01:56:17.402443+00	2026-03-24 01:56:17+00	19	4b479b7c5dfb4931895c487f58b2f29d
202	eyJhbGciOiJIUzI1NiIsInR5cCI6IkpXVCJ9.eyJ0b2tlbl90eXBlIjoicmVmcmVzaCIsImV4cCI6MTc3NDMyMzUzMywiaWF0IjoxNzc0MjM3MTMzLCJqdGkiOiI1MzFiZjI5Nzc1MzU0MjkyODEwMDFmNzAwMTA3NWQwOCIsInVzZXJfaWQiOiIxOSIsInJvbGUiOiJDTElFTlRFIiwiZnVsbF9uYW1lIjoiXHUwMGMxbmdlbCBHdXN0YXZvIE5hdmFycm8gR3V6bVx1MDBlMW4ifQ.zuJvbgP650cSi8ZwMfO8wA_Moe5m6SOew_zb1RZkRIo	2026-03-23 03:38:53.780905+00	2026-03-24 03:38:53+00	19	531bf2977535429281001f7001075d08
203	eyJhbGciOiJIUzI1NiIsInR5cCI6IkpXVCJ9.eyJ0b2tlbl90eXBlIjoicmVmcmVzaCIsImV4cCI6MTc3NDMyMzUzMywiaWF0IjoxNzc0MjM3MTMzLCJqdGkiOiJmYWQwODIxNTE5MGE0ODAzODI4MTJjOTBjN2UxNmIyNCIsInVzZXJfaWQiOiIxOSIsInJvbGUiOiJDTElFTlRFIiwiZnVsbF9uYW1lIjoiXHUwMGMxbmdlbCBHdXN0YXZvIE5hdmFycm8gR3V6bVx1MDBlMW4ifQ.2l52Ln_w97ubPi9WdP4kRdi_uCG2K574vDlXV-VsvCs	2026-03-23 03:38:53.891045+00	2026-03-24 03:38:53+00	19	fad08215190a480382812c90c7e16b24
204	eyJhbGciOiJIUzI1NiIsInR5cCI6IkpXVCJ9.eyJ0b2tlbl90eXBlIjoicmVmcmVzaCIsImV4cCI6MTc3NDMyMzU2OCwiaWF0IjoxNzc0MjM3MTY4LCJqdGkiOiJlZmVmN2UzOTVhNzk0MDUzYjMxNGIzMGJjMWQ4NmUwOSIsInVzZXJfaWQiOiIxOSIsInJvbGUiOiJDTElFTlRFIiwiZnVsbF9uYW1lIjoiXHUwMGMxbmdlbCBHdXN0YXZvIE5hdmFycm8gR3V6bVx1MDBlMW4ifQ.8CQMiAtlDWsZ4K0xSwK7K60l8GybLZFv9RrnsZAky08	2026-03-23 03:39:28.84722+00	2026-03-24 03:39:28+00	19	efef7e395a794053b314b30bc1d86e09
205	eyJhbGciOiJIUzI1NiIsInR5cCI6IkpXVCJ9.eyJ0b2tlbl90eXBlIjoicmVmcmVzaCIsImV4cCI6MTc3NDMyMzU2OCwiaWF0IjoxNzc0MjM3MTY4LCJqdGkiOiJiZjgzMDNjZmVjYzg0M2IzYjM3MDJiNzlhNTNmMTkwNSIsInVzZXJfaWQiOiIxOSIsInJvbGUiOiJDTElFTlRFIiwiZnVsbF9uYW1lIjoiXHUwMGMxbmdlbCBHdXN0YXZvIE5hdmFycm8gR3V6bVx1MDBlMW4ifQ.iQ6da0m2EXx64_QZzUpm_zM3KZw_mV7ny_sZScFr9dU	2026-03-23 03:39:28.961841+00	2026-03-24 03:39:28+00	19	bf8303cfecc843b3b3702b79a53f1905
206	eyJhbGciOiJIUzI1NiIsInR5cCI6IkpXVCJ9.eyJ0b2tlbl90eXBlIjoicmVmcmVzaCIsImV4cCI6MTc3NDMyMzc4OCwiaWF0IjoxNzc0MjM3Mzg4LCJqdGkiOiI0OWQ3N2RkMzkxMWM0M2MzOWViOGQ5ZWVkYTk4MjJhYyIsInVzZXJfaWQiOiIxOSIsInJvbGUiOiJDTElFTlRFIiwiZnVsbF9uYW1lIjoiXHUwMGMxbmdlbCBHdXN0YXZvIE5hdmFycm8gR3V6bVx1MDBlMW4ifQ.vlI3aqzr1tyVWjlpVMtIqiqE7FOdV72qlXTCZZE3Bfo	2026-03-23 03:43:08.491749+00	2026-03-24 03:43:08+00	19	49d77dd3911c43c39eb8d9eeda9822ac
207	eyJhbGciOiJIUzI1NiIsInR5cCI6IkpXVCJ9.eyJ0b2tlbl90eXBlIjoicmVmcmVzaCIsImV4cCI6MTc3NDMyMzc4OCwiaWF0IjoxNzc0MjM3Mzg4LCJqdGkiOiJhZjg5ZTYxY2FmNDM0MzA5ODViMWE3OTcxYWM0MGI5MCIsInVzZXJfaWQiOiIxOSIsInJvbGUiOiJDTElFTlRFIiwiZnVsbF9uYW1lIjoiXHUwMGMxbmdlbCBHdXN0YXZvIE5hdmFycm8gR3V6bVx1MDBlMW4ifQ.jIbqPzD14ZuJ7ZZ1IHi-vyPs0CcLmQMxfidtikm3AJc	2026-03-23 03:43:08.608829+00	2026-03-24 03:43:08+00	19	af89e61caf43430985b1a7971ac40b90
208	eyJhbGciOiJIUzI1NiIsInR5cCI6IkpXVCJ9.eyJ0b2tlbl90eXBlIjoicmVmcmVzaCIsImV4cCI6MTc3NDMyMzgyMywiaWF0IjoxNzc0MjM3NDIzLCJqdGkiOiIxZjUzODM3Y2EyN2U0ZDM4ODU2NjExZmY0ZDQ0NTFmOSIsInVzZXJfaWQiOiIxOSIsInJvbGUiOiJDTElFTlRFIiwiZnVsbF9uYW1lIjoiXHUwMGMxbmdlbCBHdXN0YXZvIE5hdmFycm8gR3V6bVx1MDBlMW4ifQ.J0-ukxFgODlT0kX9eTfID91tMcmGAypWJ4OaIbUn-I0	2026-03-23 03:43:43.423308+00	2026-03-24 03:43:43+00	19	1f53837ca27e4d38856611ff4d4451f9
209	eyJhbGciOiJIUzI1NiIsInR5cCI6IkpXVCJ9.eyJ0b2tlbl90eXBlIjoicmVmcmVzaCIsImV4cCI6MTc3NDMyMzgyMywiaWF0IjoxNzc0MjM3NDIzLCJqdGkiOiJmODliNjliODVmNTI0NDAzOGFjNjA0YzZiMjU2ZDdkZCIsInVzZXJfaWQiOiIxOSIsInJvbGUiOiJDTElFTlRFIiwiZnVsbF9uYW1lIjoiXHUwMGMxbmdlbCBHdXN0YXZvIE5hdmFycm8gR3V6bVx1MDBlMW4ifQ.wDmQB5nSp4gzHoYOMIA7qP5awufWih7k6Xl5l_3K2V0	2026-03-23 03:43:43.538049+00	2026-03-24 03:43:43+00	19	f89b69b85f5244038ac604c6b256d7dd
210	eyJhbGciOiJIUzI1NiIsInR5cCI6IkpXVCJ9.eyJ0b2tlbl90eXBlIjoicmVmcmVzaCIsImV4cCI6MTc3NDMyMzk2NCwiaWF0IjoxNzc0MjM3NTY0LCJqdGkiOiI2YmU4YTYxMDZhNjE0YjI5ODU2Zjc2ODM1ZjY1ZmNmNyIsInVzZXJfaWQiOiIxOSIsInJvbGUiOiJDTElFTlRFIiwiZnVsbF9uYW1lIjoiXHUwMGMxbmdlbCBHdXN0YXZvIE5hdmFycm8gR3V6bVx1MDBlMW4ifQ.k_CFYxqNEHpKjZtHmBgsfOPrX5Y06r9brLJlZ4iWFic	2026-03-23 03:46:04.409919+00	2026-03-24 03:46:04+00	19	6be8a6106a614b29856f76835f65fcf7
211	eyJhbGciOiJIUzI1NiIsInR5cCI6IkpXVCJ9.eyJ0b2tlbl90eXBlIjoicmVmcmVzaCIsImV4cCI6MTc3NDMyMzk2NCwiaWF0IjoxNzc0MjM3NTY0LCJqdGkiOiJmMDg1ZWRhNWU4Mzc0OTYzYjljZjgzNTA5ZTJjZjM4YiIsInVzZXJfaWQiOiIxOSIsInJvbGUiOiJDTElFTlRFIiwiZnVsbF9uYW1lIjoiXHUwMGMxbmdlbCBHdXN0YXZvIE5hdmFycm8gR3V6bVx1MDBlMW4ifQ.Pkrofb79YlS_gyuu7RFetKeylvPvrtsJ97FaLF7DL4k	2026-03-23 03:46:04.508368+00	2026-03-24 03:46:04+00	19	f085eda5e8374963b9cf83509e2cf38b
212	eyJhbGciOiJIUzI1NiIsInR5cCI6IkpXVCJ9.eyJ0b2tlbl90eXBlIjoicmVmcmVzaCIsImV4cCI6MTc3NDMyNDAwOSwiaWF0IjoxNzc0MjM3NjA5LCJqdGkiOiIzOWQxMDRjMTE3Njc0M2ZiOTA0NWYxZjIwNTdkMjcxZSIsInVzZXJfaWQiOiIxOSIsInJvbGUiOiJDTElFTlRFIiwiZnVsbF9uYW1lIjoiXHUwMGMxbmdlbCBHdXN0YXZvIE5hdmFycm8gR3V6bVx1MDBlMW4ifQ.ZduJGvy8nLuwaLqXnHxb_X9f9SUZ38KtDVrdljHZIfk	2026-03-23 03:46:49.273001+00	2026-03-24 03:46:49+00	19	39d104c1176743fb9045f1f2057d271e
213	eyJhbGciOiJIUzI1NiIsInR5cCI6IkpXVCJ9.eyJ0b2tlbl90eXBlIjoicmVmcmVzaCIsImV4cCI6MTc3NDMyNDAwOSwiaWF0IjoxNzc0MjM3NjA5LCJqdGkiOiI0ODhiMzU3ZjNiZTQ0MzllYTdkMDI5MzkzNWIxYTg3NiIsInVzZXJfaWQiOiIxOSIsInJvbGUiOiJDTElFTlRFIiwiZnVsbF9uYW1lIjoiXHUwMGMxbmdlbCBHdXN0YXZvIE5hdmFycm8gR3V6bVx1MDBlMW4ifQ.aElB655Cy61RO3UB-zgisHH5mB6SxzohdpkzRr5IKeI	2026-03-23 03:46:49.373349+00	2026-03-24 03:46:49+00	19	488b357f3be4439ea7d0293935b1a876
214	eyJhbGciOiJIUzI1NiIsInR5cCI6IkpXVCJ9.eyJ0b2tlbl90eXBlIjoicmVmcmVzaCIsImV4cCI6MTc3NDMyNDA4NiwiaWF0IjoxNzc0MjM3Njg2LCJqdGkiOiI1N2NmZGY1ZWVjYzU0MDEzOWJkZjhiM2U5NzhjODMyMiIsInVzZXJfaWQiOiIxOSJ9.RnZTSgogNfhsO3eGq-EHE1QfuaZevmJqnu_cVoJgdhE	2026-03-23 03:48:06.183999+00	2026-03-24 03:48:06+00	19	57cfdf5eecc540139bdf8b3e978c8322
215	eyJhbGciOiJIUzI1NiIsInR5cCI6IkpXVCJ9.eyJ0b2tlbl90eXBlIjoicmVmcmVzaCIsImV4cCI6MTc3NDMyNDE3MiwiaWF0IjoxNzc0MjM3NzcyLCJqdGkiOiI0MzM0NzJhZTZkMjY0Mjc2YWJlNmM3M2VlMzQ2YjUzOSIsInVzZXJfaWQiOiIxOSJ9.zlTZe5oqM8ek-5GOVkT9u4h5Jc4qydw0dZf3vNRlu1E	2026-03-23 03:49:32.913134+00	2026-03-24 03:49:32+00	19	433472ae6d264276abe6c73ee346b539
216	eyJhbGciOiJIUzI1NiIsInR5cCI6IkpXVCJ9.eyJ0b2tlbl90eXBlIjoicmVmcmVzaCIsImV4cCI6MTc3NDMyNDQxMCwiaWF0IjoxNzc0MjM4MDEwLCJqdGkiOiIyZDg5ZTFlYjZiMGI0ODE3YmIyOWU0ZWZlODQ2NWE2ZSIsInVzZXJfaWQiOiIxOSIsInJvbGUiOiJDTElFTlRFIiwiZnVsbF9uYW1lIjoiXHUwMGMxbmdlbCBHdXN0YXZvIE5hdmFycm8gR3V6bVx1MDBlMW4ifQ.jKCxLsscpX9hS8amoNhlRNtdpWBVH60he2WdEoVDyAA	2026-03-23 03:53:30.477092+00	2026-03-24 03:53:30+00	19	2d89e1eb6b0b4817bb29e4efe8465a6e
217	eyJhbGciOiJIUzI1NiIsInR5cCI6IkpXVCJ9.eyJ0b2tlbl90eXBlIjoicmVmcmVzaCIsImV4cCI6MTc3NDMyNDQxMCwiaWF0IjoxNzc0MjM4MDEwLCJqdGkiOiIwYjU5MzljNjczMWM0NzVjYTNjZDAzNjE2NTdkZjk0ZSIsInVzZXJfaWQiOiIxOSIsInJvbGUiOiJDTElFTlRFIiwiZnVsbF9uYW1lIjoiXHUwMGMxbmdlbCBHdXN0YXZvIE5hdmFycm8gR3V6bVx1MDBlMW4ifQ.AEUhqmjirpbwXYVVGoRcEdc3xgb32Y3UTH3zJkq7e3M	2026-03-23 03:53:30.654146+00	2026-03-24 03:53:30+00	19	0b5939c6731c475ca3cd0361657df94e
218	eyJhbGciOiJIUzI1NiIsInR5cCI6IkpXVCJ9.eyJ0b2tlbl90eXBlIjoicmVmcmVzaCIsImV4cCI6MTc3NDMyNjgzOSwiaWF0IjoxNzc0MjQwNDM5LCJqdGkiOiJiMGMzMWE1MTRlNzQ0ZWQ3YWVjN2RlMWU5YWUwYzA0OCIsInVzZXJfaWQiOiIxOSJ9.F9oPu5FsCDWEJJarLzj5vg7x5_uCXW1V0drHqLv3-Hs	2026-03-23 04:33:59.956703+00	2026-03-24 04:33:59+00	19	b0c31a514e744ed7aec7de1e9ae0c048
219	eyJhbGciOiJIUzI1NiIsInR5cCI6IkpXVCJ9.eyJ0b2tlbl90eXBlIjoicmVmcmVzaCIsImV4cCI6MTc3NDMyNjkzOSwiaWF0IjoxNzc0MjQwNTM5LCJqdGkiOiI1ZTM3Yjg0OTc2ODI0MDY5ODUyZTllYjllNjI3ZTFkMSIsInVzZXJfaWQiOiIxOSIsInJvbGUiOiJDTElFTlRFIiwiZnVsbF9uYW1lIjoiXHUwMGMxbmdlbCBHdXN0YXZvIE5hdmFycm8gR3V6bVx1MDBlMW4ifQ.1Tgy92k4f3cvHin_AmZ9p7NwizsP2o3tesvSvcz0ovk	2026-03-23 04:35:39.879176+00	2026-03-24 04:35:39+00	19	5e37b84976824069852e9eb9e627e1d1
220	eyJhbGciOiJIUzI1NiIsInR5cCI6IkpXVCJ9.eyJ0b2tlbl90eXBlIjoicmVmcmVzaCIsImV4cCI6MTc3NDMyNjkzOSwiaWF0IjoxNzc0MjQwNTM5LCJqdGkiOiIxYmNjNWEyNDQ4MWQ0MDYyYWNiYWUyMWVhMDgyMGNkMyIsInVzZXJfaWQiOiIxOSIsInJvbGUiOiJDTElFTlRFIiwiZnVsbF9uYW1lIjoiXHUwMGMxbmdlbCBHdXN0YXZvIE5hdmFycm8gR3V6bVx1MDBlMW4ifQ.fc1zqVjZMpayaA4dA7dvmfi2zs4BcgLdK1BpqhwLTjI	2026-03-23 04:35:39.977837+00	2026-03-24 04:35:39+00	19	1bcc5a24481d4062acbae21ea0820cd3
221	eyJhbGciOiJIUzI1NiIsInR5cCI6IkpXVCJ9.eyJ0b2tlbl90eXBlIjoicmVmcmVzaCIsImV4cCI6MTc3NDMyNzI0NSwiaWF0IjoxNzc0MjQwODQ1LCJqdGkiOiI3N2Q1MDU2ZTY5NjY0NjdmOTQ4ZmQ5MTQ3MDk2MzBiOCIsInVzZXJfaWQiOiIxOSIsInJvbGUiOiJDTElFTlRFIiwiZnVsbF9uYW1lIjoiXHUwMGMxbmdlbCBHdXN0YXZvIE5hdmFycm8gR3V6bVx1MDBlMW4ifQ.Ch-7KOgyjNA0pV80hs7x_cvituFbZGrZXkCbAgxX0Ww	2026-03-23 04:40:45.35904+00	2026-03-24 04:40:45+00	19	77d5056e6966467f948fd914709630b8
222	eyJhbGciOiJIUzI1NiIsInR5cCI6IkpXVCJ9.eyJ0b2tlbl90eXBlIjoicmVmcmVzaCIsImV4cCI6MTc3NDMyNzI0NSwiaWF0IjoxNzc0MjQwODQ1LCJqdGkiOiI5OTgyMWFhOGU1NWY0N2RkYTFhMDRiZDU5OTM3MDAyYiIsInVzZXJfaWQiOiIxOSIsInJvbGUiOiJDTElFTlRFIiwiZnVsbF9uYW1lIjoiXHUwMGMxbmdlbCBHdXN0YXZvIE5hdmFycm8gR3V6bVx1MDBlMW4ifQ.__O7Pp-ZKyxGk-zT3BlIEL3eqVU8Dr5djZuaWSrJXNE	2026-03-23 04:40:45.448086+00	2026-03-24 04:40:45+00	19	99821aa8e55f47dda1a04bd59937002b
223	eyJhbGciOiJIUzI1NiIsInR5cCI6IkpXVCJ9.eyJ0b2tlbl90eXBlIjoicmVmcmVzaCIsImV4cCI6MTc3NDMyNzUxNywiaWF0IjoxNzc0MjQxMTE3LCJqdGkiOiI4YmQwYWU3MzUzMzc0ZDAzODkxZjliMmE3Y2ZjZGQwNSIsInVzZXJfaWQiOiIxOSIsInJvbGUiOiJDTElFTlRFIiwiZnVsbF9uYW1lIjoiXHUwMGMxbmdlbCBHdXN0YXZvIE5hdmFycm8gR3V6bVx1MDBlMW4ifQ.-3otzBUBJC4E_ouW81tw_P0p7VKrOzhW5uboxPEOUu0	2026-03-23 04:45:17.120734+00	2026-03-24 04:45:17+00	19	8bd0ae7353374d03891f9b2a7cfcdd05
224	eyJhbGciOiJIUzI1NiIsInR5cCI6IkpXVCJ9.eyJ0b2tlbl90eXBlIjoicmVmcmVzaCIsImV4cCI6MTc3NDMyNzUxNywiaWF0IjoxNzc0MjQxMTE3LCJqdGkiOiJlYjk3ZmUyYzM0ZjE0N2NiOTMxYzllYjM4NDZiZWRjYSIsInVzZXJfaWQiOiIxOSIsInJvbGUiOiJDTElFTlRFIiwiZnVsbF9uYW1lIjoiXHUwMGMxbmdlbCBHdXN0YXZvIE5hdmFycm8gR3V6bVx1MDBlMW4ifQ.OIzvTxlQ_L0M1vCDkUVZta5XHgZs7vaQwpQwTWV9Oxs	2026-03-23 04:45:17.219393+00	2026-03-24 04:45:17+00	19	eb97fe2c34f147cb931c9eb3846bedca
225	eyJhbGciOiJIUzI1NiIsInR5cCI6IkpXVCJ9.eyJ0b2tlbl90eXBlIjoicmVmcmVzaCIsImV4cCI6MTc3NDMyNzY0NiwiaWF0IjoxNzc0MjQxMjQ2LCJqdGkiOiJjY2ZiYWU1YmY5MGE0ZTUwYTc3M2RiNGYyNjMxZTI0NyIsInVzZXJfaWQiOiIxOSIsInJvbGUiOiJDTElFTlRFIiwiZnVsbF9uYW1lIjoiXHUwMGMxbmdlbCBHdXN0YXZvIE5hdmFycm8gR3V6bVx1MDBlMW4ifQ.A07fCOQ14kzUIJJzRyWsJdZT3nQjZoTbbk_6dGJHa7M	2026-03-23 04:47:26.224772+00	2026-03-24 04:47:26+00	19	ccfbae5bf90a4e50a773db4f2631e247
226	eyJhbGciOiJIUzI1NiIsInR5cCI6IkpXVCJ9.eyJ0b2tlbl90eXBlIjoicmVmcmVzaCIsImV4cCI6MTc3NDMyNzY0NiwiaWF0IjoxNzc0MjQxMjQ2LCJqdGkiOiIyMTc2MTRkM2FhMWQ0MDFlYWViOTc3MjhjNmUyMzUxMyIsInVzZXJfaWQiOiIxOSIsInJvbGUiOiJDTElFTlRFIiwiZnVsbF9uYW1lIjoiXHUwMGMxbmdlbCBHdXN0YXZvIE5hdmFycm8gR3V6bVx1MDBlMW4ifQ.O9G2ZKf6syEJIVWdGhdB71QvqmTXaamBeP-IzI4NOTE	2026-03-23 04:47:26.322711+00	2026-03-24 04:47:26+00	19	217614d3aa1d401eaeb97728c6e23513
227	eyJhbGciOiJIUzI1NiIsInR5cCI6IkpXVCJ9.eyJ0b2tlbl90eXBlIjoicmVmcmVzaCIsImV4cCI6MTc3NDMyODA4NSwiaWF0IjoxNzc0MjQxNjg1LCJqdGkiOiJkMzAzMDdlNGU4NDk0NmE0OGNlM2ZlZDRkOTllMTVlZiIsInVzZXJfaWQiOiIxOSIsInJvbGUiOiJDTElFTlRFIiwiZnVsbF9uYW1lIjoiXHUwMGMxbmdlbCBHdXN0YXZvIE5hdmFycm8gR3V6bVx1MDBlMW4ifQ.aLUHFHPjAOy7bDyNHvLUCTF8oojaRT6251DF1HrJJmc	2026-03-23 04:54:45.609075+00	2026-03-24 04:54:45+00	19	d30307e4e84946a48ce3fed4d99e15ef
228	eyJhbGciOiJIUzI1NiIsInR5cCI6IkpXVCJ9.eyJ0b2tlbl90eXBlIjoicmVmcmVzaCIsImV4cCI6MTc3NDMyODA4NSwiaWF0IjoxNzc0MjQxNjg1LCJqdGkiOiI2ZWRlY2UzMzdlMzU0MDNkYjZkZmQwYmI5ZTYzOGQxMCIsInVzZXJfaWQiOiIxOSIsInJvbGUiOiJDTElFTlRFIiwiZnVsbF9uYW1lIjoiXHUwMGMxbmdlbCBHdXN0YXZvIE5hdmFycm8gR3V6bVx1MDBlMW4ifQ.TZfHxSzF9ah13qo1fFjvPYGgMGT-cPksrtNLwHSMSTw	2026-03-23 04:54:45.716285+00	2026-03-24 04:54:45+00	19	6edece337e35403db6dfd0bb9e638d10
229	eyJhbGciOiJIUzI1NiIsInR5cCI6IkpXVCJ9.eyJ0b2tlbl90eXBlIjoicmVmcmVzaCIsImV4cCI6MTc3NDMyODM1NywiaWF0IjoxNzc0MjQxOTU3LCJqdGkiOiI3ZWQ3MTNmYWI4ZDM0MjE2OGI2MTI4NTFmNmU2ZWQ1NCIsInVzZXJfaWQiOiIxOSIsInJvbGUiOiJDTElFTlRFIiwiZnVsbF9uYW1lIjoiXHUwMGMxbmdlbCBHdXN0YXZvIE5hdmFycm8gR3V6bVx1MDBlMW4ifQ.o5ac9QURsQjt8S7QjhNrTZEs90KaoC6ILJb3FdimkYc	2026-03-23 04:59:17.329795+00	2026-03-24 04:59:17+00	19	7ed713fab8d342168b612851f6e6ed54
230	eyJhbGciOiJIUzI1NiIsInR5cCI6IkpXVCJ9.eyJ0b2tlbl90eXBlIjoicmVmcmVzaCIsImV4cCI6MTc3NDMyODM1NywiaWF0IjoxNzc0MjQxOTU3LCJqdGkiOiJmOTc4YjFmNzQ1MDM0ZTEzYjQxN2QzZjAwZTZmMGQxOSIsInVzZXJfaWQiOiIxOSIsInJvbGUiOiJDTElFTlRFIiwiZnVsbF9uYW1lIjoiXHUwMGMxbmdlbCBHdXN0YXZvIE5hdmFycm8gR3V6bVx1MDBlMW4ifQ.s-npeZrMMnvCvM30n0nYqq1wyJGWXrG2sd00pwOQo-g	2026-03-23 04:59:17.439416+00	2026-03-24 04:59:17+00	19	f978b1f745034e13b417d3f00e6f0d19
231	eyJhbGciOiJIUzI1NiIsInR5cCI6IkpXVCJ9.eyJ0b2tlbl90eXBlIjoicmVmcmVzaCIsImV4cCI6MTc3NDMyOTY4NywiaWF0IjoxNzc0MjQzMjg3LCJqdGkiOiJlZmM1NDc5MTlhNDQ0ZjIxYWIxZGNiZmM0ODM1NzE4MCIsInVzZXJfaWQiOiIxOSIsInJvbGUiOiJDTElFTlRFIiwiZnVsbF9uYW1lIjoiXHUwMGMxbmdlbCBHdXN0YXZvIE5hdmFycm8gR3V6bVx1MDBlMW4ifQ.mQ_4c1AG7BXXLECDpp_mG7jTNechpJyHOeiCNcjNpds	2026-03-23 05:21:27.227452+00	2026-03-24 05:21:27+00	19	efc547919a444f21ab1dcbfc48357180
232	eyJhbGciOiJIUzI1NiIsInR5cCI6IkpXVCJ9.eyJ0b2tlbl90eXBlIjoicmVmcmVzaCIsImV4cCI6MTc3NDMyOTY4NywiaWF0IjoxNzc0MjQzMjg3LCJqdGkiOiJhODIzZjM4ZDJlMDk0Y2NhOGFhYTY1NjM0N2NjNzkwNyIsInVzZXJfaWQiOiIxOSIsInJvbGUiOiJDTElFTlRFIiwiZnVsbF9uYW1lIjoiXHUwMGMxbmdlbCBHdXN0YXZvIE5hdmFycm8gR3V6bVx1MDBlMW4ifQ.WLUi-ca4fd21jDrx3ti6vdK-U-xWNY2Bsz79nWl0Oew	2026-03-23 05:21:27.332898+00	2026-03-24 05:21:27+00	19	a823f38d2e094cca8aaa656347cc7907
233	eyJhbGciOiJIUzI1NiIsInR5cCI6IkpXVCJ9.eyJ0b2tlbl90eXBlIjoicmVmcmVzaCIsImV4cCI6MTc3NDMyOTc1MiwiaWF0IjoxNzc0MjQzMzUyLCJqdGkiOiIxMDI3Y2IzOTdjNWQ0YWU2YWExZTIyYmIyYTNkYjFjNSIsInVzZXJfaWQiOiIxOSIsInJvbGUiOiJDTElFTlRFIiwiZnVsbF9uYW1lIjoiXHUwMGMxbmdlbCBHdXN0YXZvIE5hdmFycm8gR3V6bVx1MDBlMW4ifQ.LzHO8fIFF8y-uqL5R60GTFv1CSGKH7zVq8t89PBNPgQ	2026-03-23 05:22:32.054096+00	2026-03-24 05:22:32+00	19	1027cb397c5d4ae6aa1e22bb2a3db1c5
234	eyJhbGciOiJIUzI1NiIsInR5cCI6IkpXVCJ9.eyJ0b2tlbl90eXBlIjoicmVmcmVzaCIsImV4cCI6MTc3NDMyOTc1MiwiaWF0IjoxNzc0MjQzMzUyLCJqdGkiOiJkOWQ4ZmJhNWEwMTA0MjRhODQ3MWI4NDVkYzFiYzk3MSIsInVzZXJfaWQiOiIxOSIsInJvbGUiOiJDTElFTlRFIiwiZnVsbF9uYW1lIjoiXHUwMGMxbmdlbCBHdXN0YXZvIE5hdmFycm8gR3V6bVx1MDBlMW4ifQ.-FBJNMu7WYkFoMUJBf2i3SrVi2elbuIE6aADhiYxBiU	2026-03-23 05:22:32.151423+00	2026-03-24 05:22:32+00	19	d9d8fba5a010424a8471b845dc1bc971
235	eyJhbGciOiJIUzI1NiIsInR5cCI6IkpXVCJ9.eyJ0b2tlbl90eXBlIjoicmVmcmVzaCIsImV4cCI6MTc3NDMyOTk4NSwiaWF0IjoxNzc0MjQzNTg1LCJqdGkiOiJiMGZkYmQ4MDc1OGE0MjY5YmI4NzM0YmEzNWYyMzVlNSIsInVzZXJfaWQiOiIxOSIsInJvbGUiOiJDTElFTlRFIiwiZnVsbF9uYW1lIjoiXHUwMGMxbmdlbCBHdXN0YXZvIE5hdmFycm8gR3V6bVx1MDBlMW4ifQ.FFxtINM3q0hUQWzyI6YaBrINx_TJtf6qY81GnVbrbM8	2026-03-23 05:26:25.1969+00	2026-03-24 05:26:25+00	19	b0fdbd80758a4269bb8734ba35f235e5
236	eyJhbGciOiJIUzI1NiIsInR5cCI6IkpXVCJ9.eyJ0b2tlbl90eXBlIjoicmVmcmVzaCIsImV4cCI6MTc3NDMyOTk4NSwiaWF0IjoxNzc0MjQzNTg1LCJqdGkiOiI0OTFhNzliMzUyMDU0MTdlYmMwODc2ZDE0N2U3MTM4ZSIsInVzZXJfaWQiOiIxOSIsInJvbGUiOiJDTElFTlRFIiwiZnVsbF9uYW1lIjoiXHUwMGMxbmdlbCBHdXN0YXZvIE5hdmFycm8gR3V6bVx1MDBlMW4ifQ.ugUE_fcdSz4_P0qUMKSuceqxfknHrZWrrVJBUjWgkZo	2026-03-23 05:26:25.300348+00	2026-03-24 05:26:25+00	19	491a79b35205417ebc0876d147e7138e
237	eyJhbGciOiJIUzI1NiIsInR5cCI6IkpXVCJ9.eyJ0b2tlbl90eXBlIjoicmVmcmVzaCIsImV4cCI6MTc3NDMzMDU0NSwiaWF0IjoxNzc0MjQ0MTQ1LCJqdGkiOiI5ZmRkYTlhYzVmYmE0ODdjODE0ZDJhZjFkMGZmNGExYSIsInVzZXJfaWQiOiIxOSIsInJvbGUiOiJDTElFTlRFIiwiZnVsbF9uYW1lIjoiXHUwMGMxbmdlbCBHdXN0YXZvIE5hdmFycm8gR3V6bVx1MDBlMW4ifQ.0iAhAjRJvAivLkxztQgA7dfjCy3hrM5JGd7kJKIV1Kg	2026-03-23 05:35:45.197433+00	2026-03-24 05:35:45+00	19	9fdda9ac5fba487c814d2af1d0ff4a1a
238	eyJhbGciOiJIUzI1NiIsInR5cCI6IkpXVCJ9.eyJ0b2tlbl90eXBlIjoicmVmcmVzaCIsImV4cCI6MTc3NDMzMDU0NSwiaWF0IjoxNzc0MjQ0MTQ1LCJqdGkiOiJjZGFjY2NkMzBiYTU0OWM1YTM4ODQ3M2M2M2M3OTdiYiIsInVzZXJfaWQiOiIxOSIsInJvbGUiOiJDTElFTlRFIiwiZnVsbF9uYW1lIjoiXHUwMGMxbmdlbCBHdXN0YXZvIE5hdmFycm8gR3V6bVx1MDBlMW4ifQ.Y4r1K7I3m6lLR6MA25qHMzrXZ0-UpEH2miH3USbq-iQ	2026-03-23 05:35:45.287705+00	2026-03-24 05:35:45+00	19	cdacccd30ba549c5a388473c63c797bb
239	eyJhbGciOiJIUzI1NiIsInR5cCI6IkpXVCJ9.eyJ0b2tlbl90eXBlIjoicmVmcmVzaCIsImV4cCI6MTc3NDMzMDgxNywiaWF0IjoxNzc0MjQ0NDE3LCJqdGkiOiJjYmMwMDdiM2RjYzU0MTQ2YjJiYzVhMGEzZWJmNGRjMiIsInVzZXJfaWQiOiIxOSIsInJvbGUiOiJDTElFTlRFIiwiZnVsbF9uYW1lIjoiXHUwMGMxbmdlbCBHdXN0YXZvIE5hdmFycm8gR3V6bVx1MDBlMW4ifQ.6JYGSk3PQ_9-CoEIOu52fEtoizChFf8ykTEIKw0TufU	2026-03-23 05:40:17.283053+00	2026-03-24 05:40:17+00	19	cbc007b3dcc54146b2bc5a0a3ebf4dc2
240	eyJhbGciOiJIUzI1NiIsInR5cCI6IkpXVCJ9.eyJ0b2tlbl90eXBlIjoicmVmcmVzaCIsImV4cCI6MTc3NDMzMDgxNywiaWF0IjoxNzc0MjQ0NDE3LCJqdGkiOiI3NGM0MDIyMjQxN2Y0ZTBkOGEwNGY2MDJkZmMzNTEwYiIsInVzZXJfaWQiOiIxOSIsInJvbGUiOiJDTElFTlRFIiwiZnVsbF9uYW1lIjoiXHUwMGMxbmdlbCBHdXN0YXZvIE5hdmFycm8gR3V6bVx1MDBlMW4ifQ.B37XXdOh5OIrlHEoJnHpxptL9QZ7xx4pOLgLnss_lXc	2026-03-23 05:40:17.381138+00	2026-03-24 05:40:17+00	19	74c40222417f4e0d8a04f602dfc3510b
241	eyJhbGciOiJIUzI1NiIsInR5cCI6IkpXVCJ9.eyJ0b2tlbl90eXBlIjoicmVmcmVzaCIsImV4cCI6MTc3NDMzNDI4NywiaWF0IjoxNzc0MjQ3ODg3LCJqdGkiOiIwNTJlNzUzNjZlZWM0MjQ0YTI5N2RlZDhmODQ0YTgwMSIsInVzZXJfaWQiOiIxOSIsInJvbGUiOiJDTElFTlRFIiwiZnVsbF9uYW1lIjoiXHUwMGMxbmdlbCBHdXN0YXZvIE5hdmFycm8gR3V6bVx1MDBlMW4ifQ.J3OebRkyctejvIX7OLbC3sZwHsHR3diiHSUlrnaMmBQ	2026-03-23 06:38:07.629376+00	2026-03-24 06:38:07+00	19	052e75366eec4244a297ded8f844a801
242	eyJhbGciOiJIUzI1NiIsInR5cCI6IkpXVCJ9.eyJ0b2tlbl90eXBlIjoicmVmcmVzaCIsImV4cCI6MTc3NDMzNDI4NywiaWF0IjoxNzc0MjQ3ODg3LCJqdGkiOiI0ZDFjOTA5Y2M5ODQ0Njk5OGJkNjEwNThiOGQ4Y2U5ZCIsInVzZXJfaWQiOiIxOSIsInJvbGUiOiJDTElFTlRFIiwiZnVsbF9uYW1lIjoiXHUwMGMxbmdlbCBHdXN0YXZvIE5hdmFycm8gR3V6bVx1MDBlMW4ifQ.o77SbIbuSy2kY_j0uizEWVapweWSfBNXQJ4qnDJcsIc	2026-03-23 06:38:07.735186+00	2026-03-24 06:38:07+00	19	4d1c909cc98446998bd61058b8d8ce9d
243	eyJhbGciOiJIUzI1NiIsInR5cCI6IkpXVCJ9.eyJ0b2tlbl90eXBlIjoicmVmcmVzaCIsImV4cCI6MTc3NDMzNDMxOCwiaWF0IjoxNzc0MjQ3OTE4LCJqdGkiOiIyMTA0NmYzNzUxYjA0MjU4ODIzNGY3YmI1MWRkZjk2MyIsInVzZXJfaWQiOiIxOSIsInJvbGUiOiJDTElFTlRFIiwiZnVsbF9uYW1lIjoiXHUwMGMxbmdlbCBHdXN0YXZvIE5hdmFycm8gR3V6bVx1MDBlMW4ifQ.bR3sYFIXK7p4s6mgMqJHYCMICV_Q3z7JWmN-q2XKI1A	2026-03-23 06:38:38.162+00	2026-03-24 06:38:38+00	19	21046f3751b042588234f7bb51ddf963
244	eyJhbGciOiJIUzI1NiIsInR5cCI6IkpXVCJ9.eyJ0b2tlbl90eXBlIjoicmVmcmVzaCIsImV4cCI6MTc3NDMzNDQwMiwiaWF0IjoxNzc0MjQ4MDAyLCJqdGkiOiJjMDQ1Nzc3NWY1ZDg0YTc4YjYxMzYzMTNjYmRmMmY2MSIsInVzZXJfaWQiOiIxOSIsInJvbGUiOiJDTElFTlRFIiwiZnVsbF9uYW1lIjoiXHUwMGMxbmdlbCBHdXN0YXZvIE5hdmFycm8gR3V6bVx1MDBlMW4ifQ.8Zz1XB0yuFIYS2r8SJXCwkUnkHnB3Gc4tpvp18O_Q3c	2026-03-23 06:40:02.883022+00	2026-03-24 06:40:02+00	19	c0457775f5d84a78b6136313cbdf2f61
245	eyJhbGciOiJIUzI1NiIsInR5cCI6IkpXVCJ9.eyJ0b2tlbl90eXBlIjoicmVmcmVzaCIsImV4cCI6MTc3NDMzNDQzNywiaWF0IjoxNzc0MjQ4MDM3LCJqdGkiOiJkOWYzNTIzOTZlZTc0Y2E0YjlkY2I5Yzg1NzY1ZjFlMiIsInVzZXJfaWQiOiIxOSIsInJvbGUiOiJDTElFTlRFIiwiZnVsbF9uYW1lIjoiXHUwMGMxbmdlbCBHdXN0YXZvIE5hdmFycm8gR3V6bVx1MDBlMW4ifQ.nYjV8hEP3PThgpmAyk9XCbHJgjNdl81ONXqUtP1z5p0	2026-03-23 06:40:37.464994+00	2026-03-24 06:40:37+00	19	d9f352396ee74ca4b9dcb9c85765f1e2
246	eyJhbGciOiJIUzI1NiIsInR5cCI6IkpXVCJ9.eyJ0b2tlbl90eXBlIjoicmVmcmVzaCIsImV4cCI6MTc3NDMzNDUwNywiaWF0IjoxNzc0MjQ4MTA3LCJqdGkiOiI4YTA4ZmM0ZjY4NzQ0NDA0YTg3ZWNjNWE3YTY0ZTkxMCIsInVzZXJfaWQiOiIxOSIsInJvbGUiOiJDTElFTlRFIiwiZnVsbF9uYW1lIjoiXHUwMGMxbmdlbCBHdXN0YXZvIE5hdmFycm8gR3V6bVx1MDBlMW4ifQ.J8JmYny2fhack1Cuu1wKPEAqee-sgBe6Ozn8MAtk-8Q	2026-03-23 06:41:47.71403+00	2026-03-24 06:41:47+00	19	8a08fc4f68744404a87ecc5a7a64e910
247	eyJhbGciOiJIUzI1NiIsInR5cCI6IkpXVCJ9.eyJ0b2tlbl90eXBlIjoicmVmcmVzaCIsImV4cCI6MTc3NDMzNDUxNSwiaWF0IjoxNzc0MjQ4MTE1LCJqdGkiOiIyMjdjMDc2YzhlNjE0NDVhOGM5YjA4MTRmNWUzNjU4YyIsInVzZXJfaWQiOiIxOSJ9.9T_vv5BFylpTQuyLzXRJrTiknYAYS8cXamb9cfxecqk	2026-03-23 06:41:55.110023+00	2026-03-24 06:41:55+00	19	227c076c8e61445a8c9b0814f5e3658c
248	eyJhbGciOiJIUzI1NiIsInR5cCI6IkpXVCJ9.eyJ0b2tlbl90eXBlIjoicmVmcmVzaCIsImV4cCI6MTc3NDMzNDYwMiwiaWF0IjoxNzc0MjQ4MjAyLCJqdGkiOiIzNGQxNjMzNDU2NTE0MmEzODA3MTcwZTU1ZDk0MzQyYyIsInVzZXJfaWQiOiIxOSIsInJvbGUiOiJDTElFTlRFIiwiZnVsbF9uYW1lIjoiXHUwMGMxbmdlbCBHdXN0YXZvIE5hdmFycm8gR3V6bVx1MDBlMW4ifQ.tj7PSe2V3wFsHTIGeQeOG4Z11leidTXsK5D2aOePmNM	2026-03-23 06:43:22.240433+00	2026-03-24 06:43:22+00	19	34d16334565142a3807170e55d94342c
249	eyJhbGciOiJIUzI1NiIsInR5cCI6IkpXVCJ9.eyJ0b2tlbl90eXBlIjoicmVmcmVzaCIsImV4cCI6MTc3NDMzNDcwMCwiaWF0IjoxNzc0MjQ4MzAwLCJqdGkiOiJjMTg4YWFjY2QyOTU0ZDViYTI1YzcxNmRiMWFlOWM4NyIsInVzZXJfaWQiOiIxOSIsInJvbGUiOiJDTElFTlRFIiwiZnVsbF9uYW1lIjoiXHUwMGMxbmdlbCBHdXN0YXZvIE5hdmFycm8gR3V6bVx1MDBlMW4ifQ.GbFdpAFY-sugHknNztmYWk2AA1IX397DsqjCAwSFkDk	2026-03-23 06:45:00.226373+00	2026-03-24 06:45:00+00	19	c188aaccd2954d5ba25c716db1ae9c87
250	eyJhbGciOiJIUzI1NiIsInR5cCI6IkpXVCJ9.eyJ0b2tlbl90eXBlIjoicmVmcmVzaCIsImV4cCI6MTc3NDMzNDcwMCwiaWF0IjoxNzc0MjQ4MzAwLCJqdGkiOiJiYTBmOWQ4NDlmMGU0ODgzOGFjOGQwZWU5NTM2YjlkOSIsInVzZXJfaWQiOiIxOSIsInJvbGUiOiJDTElFTlRFIiwiZnVsbF9uYW1lIjoiXHUwMGMxbmdlbCBHdXN0YXZvIE5hdmFycm8gR3V6bVx1MDBlMW4ifQ.M3l4LqzPHuS3Lfbt7y9Tyr1w8y5kI26Wg_udD8NSNrY	2026-03-23 06:45:00.327476+00	2026-03-24 06:45:00+00	19	ba0f9d849f0e48838ac8d0ee9536b9d9
251	eyJhbGciOiJIUzI1NiIsInR5cCI6IkpXVCJ9.eyJ0b2tlbl90eXBlIjoicmVmcmVzaCIsImV4cCI6MTc3NDMzNDc5OCwiaWF0IjoxNzc0MjQ4Mzk4LCJqdGkiOiIxNjRlMjM3NzhhOTI0MDAyOGY5ZDRiYmI5ODdkNmY2NSIsInVzZXJfaWQiOiIxOSIsInJvbGUiOiJDTElFTlRFIiwiZnVsbF9uYW1lIjoiXHUwMGMxbmdlbCBHdXN0YXZvIE5hdmFycm8gR3V6bVx1MDBlMW4ifQ.RBVyqy3zDvzY-nnWH1sioi8KkqOQK43Jx4-XQHjQ8tY	2026-03-23 06:46:38.6052+00	2026-03-24 06:46:38+00	19	164e23778a9240028f9d4bbb987d6f65
252	eyJhbGciOiJIUzI1NiIsInR5cCI6IkpXVCJ9.eyJ0b2tlbl90eXBlIjoicmVmcmVzaCIsImV4cCI6MTc3NDMzNDg0NSwiaWF0IjoxNzc0MjQ4NDQ1LCJqdGkiOiI5YmZjN2ZhZDY4NmY0NzAzYjRmNDhmOTNiNzE1ZTA1YyIsInVzZXJfaWQiOiIxOSIsInJvbGUiOiJDTElFTlRFIiwiZnVsbF9uYW1lIjoiXHUwMGMxbmdlbCBHdXN0YXZvIE5hdmFycm8gR3V6bVx1MDBlMW4ifQ.gwbkChd2cfmyRAbmZRJ_l8AVB_zeb67ZkMX30PesDHE	2026-03-23 06:47:25.555661+00	2026-03-24 06:47:25+00	19	9bfc7fad686f4703b4f48f93b715e05c
253	eyJhbGciOiJIUzI1NiIsInR5cCI6IkpXVCJ9.eyJ0b2tlbl90eXBlIjoicmVmcmVzaCIsImV4cCI6MTc3NDMzNDg3NywiaWF0IjoxNzc0MjQ4NDc3LCJqdGkiOiI4OWVjMTc2NTNjM2Y0MjFkOTBiY2JhMThmNzE1OThkZiIsInVzZXJfaWQiOiIxOSIsInJvbGUiOiJDTElFTlRFIiwiZnVsbF9uYW1lIjoiXHUwMGMxbmdlbCBHdXN0YXZvIE5hdmFycm8gR3V6bVx1MDBlMW4ifQ.mv1YuPE01zudL92ODgdguY2zS3Ycx0Zls_RDUgEsHps	2026-03-23 06:47:57.009109+00	2026-03-24 06:47:57+00	19	89ec17653c3f421d90bcba18f71598df
254	eyJhbGciOiJIUzI1NiIsInR5cCI6IkpXVCJ9.eyJ0b2tlbl90eXBlIjoicmVmcmVzaCIsImV4cCI6MTc3NDMzNDg3NywiaWF0IjoxNzc0MjQ4NDc3LCJqdGkiOiIxM2Q4MzFiNWE3Njc0ZDYwOTRjM2UzMTM5YWMxYjkwMCIsInVzZXJfaWQiOiIxOSIsInJvbGUiOiJDTElFTlRFIiwiZnVsbF9uYW1lIjoiXHUwMGMxbmdlbCBHdXN0YXZvIE5hdmFycm8gR3V6bVx1MDBlMW4ifQ.cy5FrexVW3qiT6ZQ3orQxzeb9mbPY5tI1yfYd2U-w0Q	2026-03-23 06:47:57.121795+00	2026-03-24 06:47:57+00	19	13d831b5a7674d6094c3e3139ac1b900
255	eyJhbGciOiJIUzI1NiIsInR5cCI6IkpXVCJ9.eyJ0b2tlbl90eXBlIjoicmVmcmVzaCIsImV4cCI6MTc3NDMzNTE4NSwiaWF0IjoxNzc0MjQ4Nzg1LCJqdGkiOiJkM2NmMmY3ZGQyNTk0YTZmOTI5MmQ1MjA2ZmNlNzBjMiIsInVzZXJfaWQiOiIxOSIsInJvbGUiOiJDTElFTlRFIiwiZnVsbF9uYW1lIjoiXHUwMGMxbmdlbCBHdXN0YXZvIE5hdmFycm8gR3V6bVx1MDBlMW4ifQ.fovyy6cS1ozRrhLAwnag0lEE_hOy-H32v-J5TFUSHFY	2026-03-23 06:53:05.317164+00	2026-03-24 06:53:05+00	19	d3cf2f7dd2594a6f9292d5206fce70c2
256	eyJhbGciOiJIUzI1NiIsInR5cCI6IkpXVCJ9.eyJ0b2tlbl90eXBlIjoicmVmcmVzaCIsImV4cCI6MTc3NDMzNTE4NSwiaWF0IjoxNzc0MjQ4Nzg1LCJqdGkiOiIzNDc5MWJjOTQwYTI0NjFhODUzMTU0NGE0YjM1YzEyMiIsInVzZXJfaWQiOiIxOSIsInJvbGUiOiJDTElFTlRFIiwiZnVsbF9uYW1lIjoiXHUwMGMxbmdlbCBHdXN0YXZvIE5hdmFycm8gR3V6bVx1MDBlMW4ifQ.8CrTlXtz7G3lLrLZsicNW91K_bh-bJmz_L55L-Kc5Dc	2026-03-23 06:53:05.421047+00	2026-03-24 06:53:05+00	19	34791bc940a2461a8531544a4b35c122
257	eyJhbGciOiJIUzI1NiIsInR5cCI6IkpXVCJ9.eyJ0b2tlbl90eXBlIjoicmVmcmVzaCIsImV4cCI6MTc3NDMzNTI3MCwiaWF0IjoxNzc0MjQ4ODcwLCJqdGkiOiI1MTJkNjg2ZGM0YzA0M2RmOGFjOWZiZThlYjg2OTlhZiIsInVzZXJfaWQiOiIyMiJ9.TRsC1baza5F-z2Q1wqo-ihOxJVGRi4XrCarJzh8aC34	2026-03-23 06:54:30.407955+00	2026-03-24 06:54:30+00	22	512d686dc4c043df8ac9fbe8eb8699af
258	eyJhbGciOiJIUzI1NiIsInR5cCI6IkpXVCJ9.eyJ0b2tlbl90eXBlIjoicmVmcmVzaCIsImV4cCI6MTc3NDMzNjA2NSwiaWF0IjoxNzc0MjQ5NjY1LCJqdGkiOiI0ZmQ3ZWRlNWMwZDg0YzZjYTFhZjkyNTVjZTIyOTEwYyIsInVzZXJfaWQiOiIyMiIsInJvbGUiOiJDTElFTlRFIiwiZnVsbF9uYW1lIjoiXHUwMGMxbmdlbCBHdXN0YXZvIE5hdmFycm8gR3V6bVx1MDBlMW4ifQ.n4yFS6chX1EEiEtlD_9J9-qaBKj8H0nCxGvFbRWgh6M	2026-03-23 07:07:45.191775+00	2026-03-24 07:07:45+00	22	4fd7ede5c0d84c6ca1af9255ce22910c
259	eyJhbGciOiJIUzI1NiIsInR5cCI6IkpXVCJ9.eyJ0b2tlbl90eXBlIjoicmVmcmVzaCIsImV4cCI6MTc3NDMzNjA2NSwiaWF0IjoxNzc0MjQ5NjY1LCJqdGkiOiIxZTU2ZmVmZWMxNWE0MWNkODFkOTVmNmEwOGNmMWE0NyIsInVzZXJfaWQiOiIyMiIsInJvbGUiOiJDTElFTlRFIiwiZnVsbF9uYW1lIjoiXHUwMGMxbmdlbCBHdXN0YXZvIE5hdmFycm8gR3V6bVx1MDBlMW4ifQ.PZ-joJfFWo9yMtVcIQMScImflz76miZT4-DMYGmu4no	2026-03-23 07:07:45.30318+00	2026-03-24 07:07:45+00	22	1e56fefec15a41cd81d95f6a08cf1a47
260	eyJhbGciOiJIUzI1NiIsInR5cCI6IkpXVCJ9.eyJ0b2tlbl90eXBlIjoicmVmcmVzaCIsImV4cCI6MTc3NDU2MDQ1NCwiaWF0IjoxNzc0NDc0MDU0LCJqdGkiOiI3NGNhNzg3MDM3Yjk0N2QyODkyMTQyZWUzZTcxOWNiNSIsInVzZXJfaWQiOiIyMiJ9.4KDPJ5XQCgReQqJ7F2tWHwccLZhyhKwwqXnedE9aoMw	2026-03-25 21:27:34.81036+00	2026-03-26 21:27:34+00	22	74ca787037b947d2892142ee3e719cb5
261	eyJhbGciOiJIUzI1NiIsInR5cCI6IkpXVCJ9.eyJ0b2tlbl90eXBlIjoicmVmcmVzaCIsImV4cCI6MTc3NDU2MDQ5MCwiaWF0IjoxNzc0NDc0MDkwLCJqdGkiOiJjZTk5YjM4N2M1YjA0ZmNmYmEyZTgwYzM3NjBhNDEzZCIsInVzZXJfaWQiOiIyMiIsInJvbGUiOiJDTElFTlRFIiwiZnVsbF9uYW1lIjoiXHUwMGMxbmdlbCBHdXN0YXZvIE5hdmFycm8gR3V6bVx1MDBlMW4ifQ.8G-9ETPomrCGLV_twR4D7mUYCmD5caFYPpO0Gr9WcRk	2026-03-25 21:28:10.986401+00	2026-03-26 21:28:10+00	22	ce99b387c5b04fcfba2e80c3760a413d
262	eyJhbGciOiJIUzI1NiIsInR5cCI6IkpXVCJ9.eyJ0b2tlbl90eXBlIjoicmVmcmVzaCIsImV4cCI6MTc3NDU2MDc2NCwiaWF0IjoxNzc0NDc0MzY0LCJqdGkiOiIxZjg4ZjgyZGFkZjU0MThiYWQyZDcwMzBkZGVjNTgyMyIsInVzZXJfaWQiOiIyMiIsInJvbGUiOiJDTElFTlRFIiwiZnVsbF9uYW1lIjoiXHUwMGMxbmdlbCBHdXN0YXZvIE5hdmFycm8gR3V6bVx1MDBlMW4ifQ.hInPnXmSEkgWgx0UPwezzwmAw7wnTCW5tsasU8eTlwg	2026-03-25 21:32:44.463799+00	2026-03-26 21:32:44+00	22	1f88f82dadf5418bad2d7030ddec5823
263	eyJhbGciOiJIUzI1NiIsInR5cCI6IkpXVCJ9.eyJ0b2tlbl90eXBlIjoicmVmcmVzaCIsImV4cCI6MTc3NDU2MDc2NCwiaWF0IjoxNzc0NDc0MzY0LCJqdGkiOiJiOGRkYmJmMzU0NzM0ZWJiOGJlOTIwYmYyZmI5NGJhYyIsInVzZXJfaWQiOiIyMiIsInJvbGUiOiJDTElFTlRFIiwiZnVsbF9uYW1lIjoiXHUwMGMxbmdlbCBHdXN0YXZvIE5hdmFycm8gR3V6bVx1MDBlMW4ifQ.eWSVN4Mt69IijowSQ9wW4RoFO_Y1c5_FNE9JvhmQk0A	2026-03-25 21:32:44.57243+00	2026-03-26 21:32:44+00	22	b8ddbbf354734ebb8be920bf2fb94bac
264	eyJhbGciOiJIUzI1NiIsInR5cCI6IkpXVCJ9.eyJ0b2tlbl90eXBlIjoicmVmcmVzaCIsImV4cCI6MTc3NDYzMjg1MCwiaWF0IjoxNzc0NTQ2NDUwLCJqdGkiOiJiNDkwN2QxYmMwZWY0MzUwYjJlNDU3YjQ2YzE2YzE4YyIsInVzZXJfaWQiOiIyMiIsInJvbGUiOiJDTElFTlRFIiwiZnVsbF9uYW1lIjoiXHUwMGMxbmdlbCBHdXN0YXZvIE5hdmFycm8gR3V6bVx1MDBlMW4ifQ.p7TL_OgoM5nhITAh3i7C_22hJDCdc9Bs-ezvTa-C0po	2026-03-26 17:34:10.76833+00	2026-03-27 17:34:10+00	22	b4907d1bc0ef4350b2e457b46c16c18c
265	eyJhbGciOiJIUzI1NiIsInR5cCI6IkpXVCJ9.eyJ0b2tlbl90eXBlIjoicmVmcmVzaCIsImV4cCI6MTc3NDYzMjg1MCwiaWF0IjoxNzc0NTQ2NDUwLCJqdGkiOiI5NGQ3MTAwZWU0ZDI0N2U1YmJmZjI2NjE4NzRiZDNkNCIsInVzZXJfaWQiOiIyMiIsInJvbGUiOiJDTElFTlRFIiwiZnVsbF9uYW1lIjoiXHUwMGMxbmdlbCBHdXN0YXZvIE5hdmFycm8gR3V6bVx1MDBlMW4ifQ.8q5_I67OY9r_-_iBB9A1qGHj3WJKOeu_ukjbxcMBZbU	2026-03-26 17:34:10.884242+00	2026-03-27 17:34:10+00	22	94d7100ee4d247e5bbff2661874bd3d4
266	eyJhbGciOiJIUzI1NiIsInR5cCI6IkpXVCJ9.eyJ0b2tlbl90eXBlIjoicmVmcmVzaCIsImV4cCI6MTc3NDYzNDI4NiwiaWF0IjoxNzc0NTQ3ODg2LCJqdGkiOiI4ZWIzNWVhNGJmZTM0MzJiYWU2OWE5YTg2NzdiNjhiZiIsInVzZXJfaWQiOiIyMiIsInJvbGUiOiJDTElFTlRFIiwiZnVsbF9uYW1lIjoiXHUwMGMxbmdlbCBHdXN0YXZvIE5hdmFycm8gR3V6bVx1MDBlMW4ifQ.kRr724_KnKJ4nmkM-bsClQFk7b2XGoCbTZ-BvUs5uDU	2026-03-26 17:58:06.745758+00	2026-03-27 17:58:06+00	22	8eb35ea4bfe3432bae69a9a8677b68bf
267	eyJhbGciOiJIUzI1NiIsInR5cCI6IkpXVCJ9.eyJ0b2tlbl90eXBlIjoicmVmcmVzaCIsImV4cCI6MTc3NDYzNDI4NiwiaWF0IjoxNzc0NTQ3ODg2LCJqdGkiOiJjNDFlOWVlZWJiYjg0MjM1YjZiODRjZjBlZWI2OWE0ZiIsInVzZXJfaWQiOiIyMiIsInJvbGUiOiJDTElFTlRFIiwiZnVsbF9uYW1lIjoiXHUwMGMxbmdlbCBHdXN0YXZvIE5hdmFycm8gR3V6bVx1MDBlMW4ifQ.IvGscaLgJPtQLTkief2_q1wFvUPuh4_UM03kVt9dv0w	2026-03-26 17:58:06.871947+00	2026-03-27 17:58:06+00	22	c41e9eeebbb84235b6b84cf0eeb69a4f
268	eyJhbGciOiJIUzI1NiIsInR5cCI6IkpXVCJ9.eyJ0b2tlbl90eXBlIjoicmVmcmVzaCIsImV4cCI6MTc3NDYzNDUyOSwiaWF0IjoxNzc0NTQ4MTI5LCJqdGkiOiI3MTJhN2Q2M2I2Mjk0OGViYmUxYWIzNjc1YzgyMTQzYiIsInVzZXJfaWQiOiIyMiIsInJvbGUiOiJDTElFTlRFIiwiZnVsbF9uYW1lIjoiXHUwMGMxbmdlbCBHdXN0YXZvIE5hdmFycm8gR3V6bVx1MDBlMW4ifQ.ogLlWZmszZippFjAOnt0Wz0rr52TSev5BYhTuQhokuo	2026-03-26 18:02:09.269359+00	2026-03-27 18:02:09+00	22	712a7d63b62948ebbe1ab3675c82143b
269	eyJhbGciOiJIUzI1NiIsInR5cCI6IkpXVCJ9.eyJ0b2tlbl90eXBlIjoicmVmcmVzaCIsImV4cCI6MTc3NDYzNDUyOSwiaWF0IjoxNzc0NTQ4MTI5LCJqdGkiOiI5NjUzZDc3NWJjNDU0YjUxOTdkNmJiM2MyZTEwOTkyYSIsInVzZXJfaWQiOiIyMiIsInJvbGUiOiJDTElFTlRFIiwiZnVsbF9uYW1lIjoiXHUwMGMxbmdlbCBHdXN0YXZvIE5hdmFycm8gR3V6bVx1MDBlMW4ifQ.oWtgCWPEl21AEuYvvaOStQfgsRFEM1fuwEAVMDvyfrA	2026-03-26 18:02:09.391016+00	2026-03-27 18:02:09+00	22	9653d775bc454b5197d6bb3c2e10992a
270	eyJhbGciOiJIUzI1NiIsInR5cCI6IkpXVCJ9.eyJ0b2tlbl90eXBlIjoicmVmcmVzaCIsImV4cCI6MTc3NDk2MzkyOSwiaWF0IjoxNzc0ODc3NTI5LCJqdGkiOiIxYzMyYTYwNjNkZjk0ODMzYWYxZGVhZGVkNWQ0MmJhNyIsInVzZXJfaWQiOiIyMiJ9.rr8UOv9apRSxoqvrNyoR1LxUna3_gqcgXOXBWa-4ft0	2026-03-30 13:32:09.636695+00	2026-03-31 13:32:09+00	22	1c32a6063df94833af1deaded5d42ba7
271	eyJhbGciOiJIUzI1NiIsInR5cCI6IkpXVCJ9.eyJ0b2tlbl90eXBlIjoicmVmcmVzaCIsImV4cCI6MTc3NDk2NDI1MCwiaWF0IjoxNzc0ODc3ODUwLCJqdGkiOiIyZTYzYWMzOWE2YzA0NjZiYWEwMjEzYTE4NzYyYjQxYSIsInVzZXJfaWQiOiIyMiIsInJvbGUiOiJDTElFTlRFIiwiZnVsbF9uYW1lIjoiXHUwMGMxbmdlbCBHdXN0YXZvIE5hdmFycm8gR3V6bVx1MDBlMW4ifQ.M7EdbJQtCp4ydpQ8HlcP1u8B4SCnm6BRW5oqyVX92io	2026-03-30 13:37:30.134471+00	2026-03-31 13:37:30+00	22	2e63ac39a6c0466baa0213a18762b41a
272	eyJhbGciOiJIUzI1NiIsInR5cCI6IkpXVCJ9.eyJ0b2tlbl90eXBlIjoicmVmcmVzaCIsImV4cCI6MTc3NDk2NDI1MCwiaWF0IjoxNzc0ODc3ODUwLCJqdGkiOiI3MjM3OTk0YWUyMzc0OTQzODBjNTY5M2UwYmYzY2FlNSIsInVzZXJfaWQiOiIyMiIsInJvbGUiOiJDTElFTlRFIiwiZnVsbF9uYW1lIjoiXHUwMGMxbmdlbCBHdXN0YXZvIE5hdmFycm8gR3V6bVx1MDBlMW4ifQ.FlcUW6i-b0yvBDNCcht3yhPHLoan90hcIwHL-39j6VQ	2026-03-30 13:37:30.229863+00	2026-03-31 13:37:30+00	22	7237994ae237494380c5693e0bf3cae5
273	eyJhbGciOiJIUzI1NiIsInR5cCI6IkpXVCJ9.eyJ0b2tlbl90eXBlIjoicmVmcmVzaCIsImV4cCI6MTc3NDk2NDU0OSwiaWF0IjoxNzc0ODc4MTQ5LCJqdGkiOiIyYjc3YzhkMTY0NjM0NDZmOTU1MWQ0ZTJiMjczOWZkNyIsInVzZXJfaWQiOiIyMiIsInJvbGUiOiJDTElFTlRFIiwiZnVsbF9uYW1lIjoiXHUwMGMxbmdlbCBHdXN0YXZvIE5hdmFycm8gR3V6bVx1MDBlMW4ifQ.-XQw0-DjNtR9yNS7fqKHLKfzm10dvc1yl52mavjeW20	2026-03-30 13:42:29.605741+00	2026-03-31 13:42:29+00	22	2b77c8d16463446f9551d4e2b2739fd7
274	eyJhbGciOiJIUzI1NiIsInR5cCI6IkpXVCJ9.eyJ0b2tlbl90eXBlIjoicmVmcmVzaCIsImV4cCI6MTc3NDk2NDU0OSwiaWF0IjoxNzc0ODc4MTQ5LCJqdGkiOiIxODllZWUzMDJiZGE0NTZiYjYwZTRiZjg3YmRkMjRjMCIsInVzZXJfaWQiOiIyMiIsInJvbGUiOiJDTElFTlRFIiwiZnVsbF9uYW1lIjoiXHUwMGMxbmdlbCBHdXN0YXZvIE5hdmFycm8gR3V6bVx1MDBlMW4ifQ.Rgj4qyAQKZf3DjRKdsQ-rGQwq6u-IGVTtgJj7HXQWrs	2026-03-30 13:42:29.692646+00	2026-03-31 13:42:29+00	22	189eee302bda456bb60e4bf87bdd24c0
275	eyJhbGciOiJIUzI1NiIsInR5cCI6IkpXVCJ9.eyJ0b2tlbl90eXBlIjoicmVmcmVzaCIsImV4cCI6MTc3NDk2NDg0OSwiaWF0IjoxNzc0ODc4NDQ5LCJqdGkiOiIyM2MzOTc1ZTYxM2Q0ZmVkODVhNGU5NDIwNjRkYWVjOSIsInVzZXJfaWQiOiIyMiIsInJvbGUiOiJDTElFTlRFIiwiZnVsbF9uYW1lIjoiXHUwMGMxbmdlbCBHdXN0YXZvIE5hdmFycm8gR3V6bVx1MDBlMW4ifQ.lk5M7OmJC3yR1yaqVOWw27IoQRpw9On8xu5MqiUFRPI	2026-03-30 13:47:29.719099+00	2026-03-31 13:47:29+00	22	23c3975e613d4fed85a4e942064daec9
276	eyJhbGciOiJIUzI1NiIsInR5cCI6IkpXVCJ9.eyJ0b2tlbl90eXBlIjoicmVmcmVzaCIsImV4cCI6MTc3NDk2NDg0OSwiaWF0IjoxNzc0ODc4NDQ5LCJqdGkiOiJmNDJlYTMyOGE5OTg0OGQzOTBlNDllMTNlYWZjZDUyMCIsInVzZXJfaWQiOiIyMiIsInJvbGUiOiJDTElFTlRFIiwiZnVsbF9uYW1lIjoiXHUwMGMxbmdlbCBHdXN0YXZvIE5hdmFycm8gR3V6bVx1MDBlMW4ifQ.XYi4aQlpp250Sdh31MCacPskDwGwBtp7smBR3mLBzYY	2026-03-30 13:47:29.808322+00	2026-03-31 13:47:29+00	22	f42ea328a99848d390e49e13eafcd520
277	eyJhbGciOiJIUzI1NiIsInR5cCI6IkpXVCJ9.eyJ0b2tlbl90eXBlIjoicmVmcmVzaCIsImV4cCI6MTc3NDk2NTE0OSwiaWF0IjoxNzc0ODc4NzQ5LCJqdGkiOiIxNzhkNzVlY2U3MTc0MDhlYTI0YzI2OTNmMDAwM2Q1NCIsInVzZXJfaWQiOiIyMiIsInJvbGUiOiJDTElFTlRFIiwiZnVsbF9uYW1lIjoiXHUwMGMxbmdlbCBHdXN0YXZvIE5hdmFycm8gR3V6bVx1MDBlMW4ifQ.wHOPjwwE3kSJxEe_88B2tplXM_loSkq0DA-fjlx30_M	2026-03-30 13:52:29.644544+00	2026-03-31 13:52:29+00	22	178d75ece717408ea24c2693f0003d54
278	eyJhbGciOiJIUzI1NiIsInR5cCI6IkpXVCJ9.eyJ0b2tlbl90eXBlIjoicmVmcmVzaCIsImV4cCI6MTc3NDk2NTE0OSwiaWF0IjoxNzc0ODc4NzQ5LCJqdGkiOiJkMmJjNTZmZjE0YjY0ZGZjOWIwZjBhMjdhNTY4NTNkNCIsInVzZXJfaWQiOiIyMiIsInJvbGUiOiJDTElFTlRFIiwiZnVsbF9uYW1lIjoiXHUwMGMxbmdlbCBHdXN0YXZvIE5hdmFycm8gR3V6bVx1MDBlMW4ifQ.9obbEKInozH_ql7bTseNnzUb5T9UawRzHiBzcg-8uPA	2026-03-30 13:52:29.744638+00	2026-03-31 13:52:29+00	22	d2bc56ff14b64dfc9b0f0a27a56853d4
\.


--
-- Data for Name: users_auditlog; Type: TABLE DATA; Schema: public; Owner: admin_identity
--

COPY public.users_auditlog (id, action, ip_address, user_agent, details, "timestamp", user_id) FROM stdin;
1	LOGIN_SUCCESS	2806:2f0:ada0:e498:91a2:c907:41fd:18b1	Mozilla/5.0 (Windows NT 10.0; Win64; x64) AppleWebKit/537.36 (KHTML, like Gecko) Chrome/146.0.0.0 Safari/537.36	{}	2026-03-20 02:42:12.240606+00	\N
2	LOGIN_SUCCESS	2806:2f0:ada0:e498:91a2:c907:41fd:18b1	Mozilla/5.0 (Windows NT 10.0; Win64; x64) AppleWebKit/537.36 (KHTML, like Gecko) Chrome/146.0.0.0 Safari/537.36	{}	2026-03-20 02:44:42.521464+00	\N
3	LOGIN_SUCCESS	2806:2f0:ada0:e498:91a2:c907:41fd:18b1	Mozilla/5.0 (Windows NT 10.0; Win64; x64) AppleWebKit/537.36 (KHTML, like Gecko) Chrome/146.0.0.0 Safari/537.36	{}	2026-03-20 02:50:42.855272+00	19
4	LOGIN_FAILED	2806:2f0:ada0:e498:91a2:c907:41fd:18b1	Mozilla/5.0 (Windows NT 10.0; Win64; x64) AppleWebKit/537.36 (KHTML, like Gecko) Chrome/146.0.0.0 Safari/537.36	{}	2026-03-20 02:50:57.605633+00	19
36	LOGIN_SUCCESS	2806:2f0:ada0:e498:45e5:54e0:6644:d23b	Mozilla/5.0 (Windows NT 10.0; Win64; x64) AppleWebKit/537.36 (KHTML, like Gecko) Chrome/146.0.0.0 Safari/537.36	{}	2026-03-22 23:58:41.51524+00	19
37	PROFILE_UPDATE	2806:2f0:ada0:e498:45e5:54e0:6644:d23b	Mozilla/5.0 (Windows NT 10.0; Win64; x64) AppleWebKit/537.36 (KHTML, like Gecko) Chrome/146.0.0.0 Safari/537.36	{"fields": ["id", "email", "full_name", "first_name", "last_name", "role", "is_active", "date_joined", "phone", "marital_status", "curp_rfc", "address", "postal_code", "state", "municipality", "housing_status"]}	2026-03-23 01:01:00.154069+00	19
38	PROFILE_UPDATE	2806:2f0:ada0:e498:45e5:54e0:6644:d23b	Mozilla/5.0 (Windows NT 10.0; Win64; x64) AppleWebKit/537.36 (KHTML, like Gecko) Chrome/146.0.0.0 Safari/537.36	{"fields": ["id", "email", "full_name", "first_name", "last_name", "role", "is_active", "date_joined", "phone", "marital_status", "curp_rfc", "address", "postal_code", "state", "municipality", "housing_status"]}	2026-03-23 01:19:03.865531+00	19
39	PROFILE_UPDATE	2806:2f0:ada0:e498:45e5:54e0:6644:d23b	Mozilla/5.0 (Windows NT 10.0; Win64; x64) AppleWebKit/537.36 (KHTML, like Gecko) Chrome/146.0.0.0 Safari/537.36	{"fields": ["id", "email", "full_name", "first_name", "last_name", "role", "is_active", "date_joined", "phone", "marital_status", "curp_rfc", "address", "postal_code", "state", "municipality", "housing_status"]}	2026-03-23 01:22:01.106696+00	19
40	PROFILE_UPDATE	2806:2f0:ada0:e498:45e5:54e0:6644:d23b	Mozilla/5.0 (Windows NT 10.0; Win64; x64) AppleWebKit/537.36 (KHTML, like Gecko) Chrome/146.0.0.0 Safari/537.36	{"fields": ["id", "email", "full_name", "first_name", "last_name", "role", "is_active", "date_joined", "phone", "marital_status", "curp_rfc", "address", "postal_code", "state", "municipality", "housing_status"]}	2026-03-23 01:23:34.336963+00	19
41	PROFILE_UPDATE	2806:2f0:ada0:e498:45e5:54e0:6644:d23b	Mozilla/5.0 (Windows NT 10.0; Win64; x64) AppleWebKit/537.36 (KHTML, like Gecko) Chrome/146.0.0.0 Safari/537.36	{"fields": ["id", "email", "full_name", "first_name", "last_name", "role", "is_active", "date_joined", "phone", "marital_status", "curp_rfc", "address", "postal_code", "state", "municipality", "housing_status"]}	2026-03-23 01:27:35.990719+00	19
42	PROFILE_UPDATE	2806:2f0:ada0:e498:45e5:54e0:6644:d23b	Mozilla/5.0 (Windows NT 10.0; Win64; x64) AppleWebKit/537.36 (KHTML, like Gecko) Chrome/146.0.0.0 Safari/537.36	{"fields": ["id", "email", "full_name", "first_name", "last_name", "role", "is_active", "date_joined", "phone", "marital_status", "curp_rfc", "address", "postal_code", "state", "municipality", "housing_status"]}	2026-03-23 01:28:12.610878+00	19
43	PROFILE_UPDATE	2806:2f0:ada0:e498:45e5:54e0:6644:d23b	Mozilla/5.0 (Windows NT 10.0; Win64; x64) AppleWebKit/537.36 (KHTML, like Gecko) Chrome/146.0.0.0 Safari/537.36	{"fields": ["id", "email", "full_name", "first_name", "last_name", "role", "is_active", "date_joined", "phone", "marital_status", "curp_rfc", "address", "postal_code", "state", "municipality", "housing_status"]}	2026-03-23 01:29:09.816872+00	19
44	PASSWORD_CHANGE	2806:2f0:ada0:e498:45e5:54e0:6644:d23b	Mozilla/5.0 (Windows NT 10.0; Win64; x64) AppleWebKit/537.36 (KHTML, like Gecko) Chrome/146.0.0.0 Safari/537.36	{}	2026-03-23 03:39:14.412924+00	19
45	LOGIN_SUCCESS	2806:2f0:ada0:e498:45e5:54e0:6644:d23b	Mozilla/5.0 (Windows NT 10.0; Win64; x64) AppleWebKit/537.36 (KHTML, like Gecko) Chrome/146.0.0.0 Safari/537.36	{}	2026-03-23 03:48:06.194835+00	19
46	LOGIN_SUCCESS	2806:2f0:ada0:e498:45e5:54e0:6644:d23b	Mozilla/5.0 (Windows NT 10.0; Win64; x64) AppleWebKit/537.36 (KHTML, like Gecko) Chrome/146.0.0.0 Safari/537.36	{}	2026-03-23 03:49:32.918813+00	19
47	PASSWORD_CHANGE	2806:2f0:ada0:e498:45e5:54e0:6644:d23b	Mozilla/5.0 (Windows NT 10.0; Win64; x64) AppleWebKit/537.36 (KHTML, like Gecko) Chrome/146.0.0.0 Safari/537.36	{}	2026-03-23 03:53:42.984521+00	19
48	LOGIN_SUCCESS	2806:2f0:ada0:e498:45e5:54e0:6644:d23b	Mozilla/5.0 (Windows NT 10.0; Win64; x64) AppleWebKit/537.36 (KHTML, like Gecko) Chrome/146.0.0.0 Safari/537.36	{}	2026-03-23 04:33:59.978618+00	19
49	PROFILE_UPDATE	2806:2f0:ada0:e498:45e5:54e0:6644:d23b	Mozilla/5.0 (Windows NT 10.0; Win64; x64) AppleWebKit/537.36 (KHTML, like Gecko) Chrome/146.0.0.0 Safari/537.36	{}	2026-03-23 06:38:20.899537+00	19
50	PROFILE_UPDATE	2806:2f0:ada0:e498:45e5:54e0:6644:d23b	Mozilla/5.0 (Windows NT 10.0; Win64; x64) AppleWebKit/537.36 (KHTML, like Gecko) Chrome/146.0.0.0 Safari/537.36	{}	2026-03-23 06:40:03.020301+00	19
51	PROFILE_UPDATE	2806:2f0:ada0:e498:45e5:54e0:6644:d23b	Mozilla/5.0 (Windows NT 10.0; Win64; x64) AppleWebKit/537.36 (KHTML, like Gecko) Chrome/146.0.0.0 Safari/537.36	{}	2026-03-23 06:41:47.845013+00	19
52	LOGIN_SUCCESS	2806:2f0:ada0:e498:45e5:54e0:6644:d23b	Mozilla/5.0 (Windows NT 10.0; Win64; x64) AppleWebKit/537.36 (KHTML, like Gecko) Chrome/146.0.0.0 Safari/537.36	{}	2026-03-23 06:41:55.116249+00	19
53	PROFILE_UPDATE	2806:2f0:ada0:e498:45e5:54e0:6644:d23b	Mozilla/5.0 (Windows NT 10.0; Win64; x64) AppleWebKit/537.36 (KHTML, like Gecko) Chrome/146.0.0.0 Safari/537.36	{}	2026-03-23 06:43:36.582985+00	19
54	PROFILE_UPDATE	2806:2f0:ada0:e498:45e5:54e0:6644:d23b	Mozilla/5.0 (Windows NT 10.0; Win64; x64) AppleWebKit/537.36 (KHTML, like Gecko) Chrome/146.0.0.0 Safari/537.36	{}	2026-03-23 06:45:12.162609+00	19
55	PROFILE_UPDATE	2806:2f0:ada0:e498:45e5:54e0:6644:d23b	Mozilla/5.0 (Windows NT 10.0; Win64; x64) AppleWebKit/537.36 (KHTML, like Gecko) Chrome/146.0.0.0 Safari/537.36	{}	2026-03-23 06:47:30.457678+00	19
56	ACCOUNT_SUSPENSION	2806:2f0:ada0:e498:45e5:54e0:6644:d23b	Mozilla/5.0 (Windows NT 10.0; Win64; x64) AppleWebKit/537.36 (KHTML, like Gecko) Chrome/146.0.0.0 Safari/537.36	{"original_email": "angelnava1904@gmail.com"}	2026-03-23 06:53:16.895834+00	19
57	LOGIN_FAILED	2806:2f0:ada0:e498:45e5:54e0:6644:d23b	Mozilla/5.0 (Windows NT 10.0; Win64; x64) AppleWebKit/537.36 (KHTML, like Gecko) Chrome/146.0.0.0 Safari/537.36	{}	2026-03-23 06:53:22.231572+00	\N
58	ACCOUNT_ACTIVATION	2806:2f0:ada0:e498:45e5:54e0:6644:d23b	Mozilla/5.0 (Windows NT 10.0; Win64; x64) AppleWebKit/537.36 (KHTML, like Gecko) Chrome/146.0.0.0 Safari/537.36	{"method": "email_token"}	2026-03-23 06:54:22.587956+00	22
59	LOGIN_SUCCESS	2806:2f0:ada0:e498:45e5:54e0:6644:d23b	Mozilla/5.0 (Windows NT 10.0; Win64; x64) AppleWebKit/537.36 (KHTML, like Gecko) Chrome/146.0.0.0 Safari/537.36	{}	2026-03-23 06:54:30.413886+00	22
60	LOGIN_SUCCESS	2806:2f0:ada0:e498:cd6:9de8:6920:626b	Mozilla/5.0 (Windows NT 10.0; Win64; x64) AppleWebKit/537.36 (KHTML, like Gecko) Chrome/146.0.0.0 Safari/537.36	{}	2026-03-25 21:27:34.82715+00	22
61	PROFILE_UPDATE	2806:2f0:ada0:e498:cd6:9de8:6920:626b	Mozilla/5.0 (Windows NT 10.0; Win64; x64) AppleWebKit/537.36 (KHTML, like Gecko) Chrome/146.0.0.0 Safari/537.36	{}	2026-03-25 21:28:11.138063+00	22
62	LOGIN_SUCCESS	2806:2f0:ada0:e498:fd50:cf2d:d26:e996	Mozilla/5.0 (Windows NT 10.0; Win64; x64) AppleWebKit/537.36 (KHTML, like Gecko) Chrome/146.0.0.0 Safari/537.36	{}	2026-03-30 13:32:09.656698+00	22
\.


--
-- Data for Name: users_user; Type: TABLE DATA; Schema: public; Owner: admin_identity
--

COPY public.users_user (id, password, last_login, is_superuser, first_name, last_name, is_staff, is_active, date_joined, email, full_name, role, phone, status, registration_date, birth_date, marital_status, curp_rfc, address, postal_code, state, municipality, housing_status, person_type, admin_creator, location, deleted_at) FROM stdin;
22	pbkdf2_sha256$600000$BCbxZFDmKhpOk3sWvLakqX$puNtbuNylia79zD6JNt6AWe9h6kaZ1PK6kBRASWl/VY=	\N	f	Ángel Gustavo	Navarro Guzmán	f	t	2026-03-23 06:54:10.824117+00	angelnava1904@gmail.com	Ángel Gustavo Navarro Guzmán	CLIENTE	9931509009	Activo	2026-03-23	\N	Soltero	NAGA020419HTCVZNA8	Isla Clarion 12	54170	México	Tlanepantla	Rentada		\N	\N	\N
20	pbkdf2_sha256$600000$YG0Sc4coR0vqhEfAmcdIP5$Jh4qYMgyc5JZboCQzmGjFjcFX2+j1uqUQecircsE5iQ=	\N	f	bicho	Siu	f	f	2026-03-18 17:07:31.159512+00	vbcs121104@gmail.com	bicho Siu	CLIENTE	\N	Activo	2026-03-18	\N									\N	\N	\N
21	pbkdf2_sha256$600000$KHYzgebBzVrfj2ESmvNyjb$FXkwlu4dXLfFQzVK4VddBQSz54pYTzqEVrNVXLcdYoA=	\N	f	Bicho	Siu	f	f	2026-03-18 17:18:28.693182+00	a@gmail.com	Bicho Siu	CLIENTE	\N	Activo	2026-03-18	\N									\N	\N	\N
19	pbkdf2_sha256$600000$aFQBx8aYokt5IUuPDFobo4$hdKVKNGPnFGdgJKoL3Hygm0jV/AlDcNwwZhzboM08Mk=	\N	f	Ángel Gustavo	Navarro Guzmán	f	f	2026-03-18 16:40:38.089849+00	angelnava1904@gmail.com_deleted_1774248796	Ángel Gustavo Navarro Guzmán	CLIENTE	9931509009	Eliminado	2026-03-18	\N	Casado	NAGA020419HTCVZNA8	Plutarco Elías Calles 24	54170	Tab.	Centro	Homeless		\N	\N	2026-03-23 06:53:16.890094+00
\.


--
-- Data for Name: users_user_groups; Type: TABLE DATA; Schema: public; Owner: admin_identity
--

COPY public.users_user_groups (id, user_id, group_id) FROM stdin;
\.


--
-- Data for Name: users_user_user_permissions; Type: TABLE DATA; Schema: public; Owner: admin_identity
--

COPY public.users_user_user_permissions (id, user_id, permission_id) FROM stdin;
\.


--
-- Name: auth_group_id_seq; Type: SEQUENCE SET; Schema: public; Owner: admin_identity
--

SELECT pg_catalog.setval('public.auth_group_id_seq', 1, false);


--
-- Name: auth_group_permissions_id_seq; Type: SEQUENCE SET; Schema: public; Owner: admin_identity
--

SELECT pg_catalog.setval('public.auth_group_permissions_id_seq', 1, false);


--
-- Name: auth_permission_id_seq; Type: SEQUENCE SET; Schema: public; Owner: admin_identity
--

SELECT pg_catalog.setval('public.auth_permission_id_seq', 36, true);


--
-- Name: django_admin_log_id_seq; Type: SEQUENCE SET; Schema: public; Owner: admin_identity
--

SELECT pg_catalog.setval('public.django_admin_log_id_seq', 1, false);


--
-- Name: django_content_type_id_seq; Type: SEQUENCE SET; Schema: public; Owner: admin_identity
--

SELECT pg_catalog.setval('public.django_content_type_id_seq', 9, true);


--
-- Name: django_migrations_id_seq; Type: SEQUENCE SET; Schema: public; Owner: admin_identity
--

SELECT pg_catalog.setval('public.django_migrations_id_seq', 37, true);


--
-- Name: token_blacklist_blacklistedtoken_id_seq; Type: SEQUENCE SET; Schema: public; Owner: admin_identity
--

SELECT pg_catalog.setval('public.token_blacklist_blacklistedtoken_id_seq', 53, true);


--
-- Name: token_blacklist_outstandingtoken_id_seq; Type: SEQUENCE SET; Schema: public; Owner: admin_identity
--

SELECT pg_catalog.setval('public.token_blacklist_outstandingtoken_id_seq', 278, true);


--
-- Name: users_auditlog_id_seq; Type: SEQUENCE SET; Schema: public; Owner: admin_identity
--

SELECT pg_catalog.setval('public.users_auditlog_id_seq', 62, true);


--
-- Name: users_user_groups_id_seq; Type: SEQUENCE SET; Schema: public; Owner: admin_identity
--

SELECT pg_catalog.setval('public.users_user_groups_id_seq', 1, false);


--
-- Name: users_user_id_seq; Type: SEQUENCE SET; Schema: public; Owner: admin_identity
--

SELECT pg_catalog.setval('public.users_user_id_seq', 22, true);


--
-- Name: users_user_user_permissions_id_seq; Type: SEQUENCE SET; Schema: public; Owner: admin_identity
--

SELECT pg_catalog.setval('public.users_user_user_permissions_id_seq', 1, false);


--
-- Name: auth_group auth_group_name_key; Type: CONSTRAINT; Schema: public; Owner: admin_identity
--

ALTER TABLE ONLY public.auth_group
    ADD CONSTRAINT auth_group_name_key UNIQUE (name);


--
-- Name: auth_group_permissions auth_group_permissions_group_id_permission_id_0cd325b0_uniq; Type: CONSTRAINT; Schema: public; Owner: admin_identity
--

ALTER TABLE ONLY public.auth_group_permissions
    ADD CONSTRAINT auth_group_permissions_group_id_permission_id_0cd325b0_uniq UNIQUE (group_id, permission_id);


--
-- Name: auth_group_permissions auth_group_permissions_pkey; Type: CONSTRAINT; Schema: public; Owner: admin_identity
--

ALTER TABLE ONLY public.auth_group_permissions
    ADD CONSTRAINT auth_group_permissions_pkey PRIMARY KEY (id);


--
-- Name: auth_group auth_group_pkey; Type: CONSTRAINT; Schema: public; Owner: admin_identity
--

ALTER TABLE ONLY public.auth_group
    ADD CONSTRAINT auth_group_pkey PRIMARY KEY (id);


--
-- Name: auth_permission auth_permission_content_type_id_codename_01ab375a_uniq; Type: CONSTRAINT; Schema: public; Owner: admin_identity
--

ALTER TABLE ONLY public.auth_permission
    ADD CONSTRAINT auth_permission_content_type_id_codename_01ab375a_uniq UNIQUE (content_type_id, codename);


--
-- Name: auth_permission auth_permission_pkey; Type: CONSTRAINT; Schema: public; Owner: admin_identity
--

ALTER TABLE ONLY public.auth_permission
    ADD CONSTRAINT auth_permission_pkey PRIMARY KEY (id);


--
-- Name: django_admin_log django_admin_log_pkey; Type: CONSTRAINT; Schema: public; Owner: admin_identity
--

ALTER TABLE ONLY public.django_admin_log
    ADD CONSTRAINT django_admin_log_pkey PRIMARY KEY (id);


--
-- Name: django_content_type django_content_type_app_label_model_76bd3d3b_uniq; Type: CONSTRAINT; Schema: public; Owner: admin_identity
--

ALTER TABLE ONLY public.django_content_type
    ADD CONSTRAINT django_content_type_app_label_model_76bd3d3b_uniq UNIQUE (app_label, model);


--
-- Name: django_content_type django_content_type_pkey; Type: CONSTRAINT; Schema: public; Owner: admin_identity
--

ALTER TABLE ONLY public.django_content_type
    ADD CONSTRAINT django_content_type_pkey PRIMARY KEY (id);


--
-- Name: django_migrations django_migrations_pkey; Type: CONSTRAINT; Schema: public; Owner: admin_identity
--

ALTER TABLE ONLY public.django_migrations
    ADD CONSTRAINT django_migrations_pkey PRIMARY KEY (id);


--
-- Name: django_session django_session_pkey; Type: CONSTRAINT; Schema: public; Owner: admin_identity
--

ALTER TABLE ONLY public.django_session
    ADD CONSTRAINT django_session_pkey PRIMARY KEY (session_key);


--
-- Name: token_blacklist_blacklistedtoken token_blacklist_blacklistedtoken_pkey; Type: CONSTRAINT; Schema: public; Owner: admin_identity
--

ALTER TABLE ONLY public.token_blacklist_blacklistedtoken
    ADD CONSTRAINT token_blacklist_blacklistedtoken_pkey PRIMARY KEY (id);


--
-- Name: token_blacklist_blacklistedtoken token_blacklist_blacklistedtoken_token_id_key; Type: CONSTRAINT; Schema: public; Owner: admin_identity
--

ALTER TABLE ONLY public.token_blacklist_blacklistedtoken
    ADD CONSTRAINT token_blacklist_blacklistedtoken_token_id_key UNIQUE (token_id);


--
-- Name: token_blacklist_outstandingtoken token_blacklist_outstandingtoken_jti_hex_d9bdf6f7_uniq; Type: CONSTRAINT; Schema: public; Owner: admin_identity
--

ALTER TABLE ONLY public.token_blacklist_outstandingtoken
    ADD CONSTRAINT token_blacklist_outstandingtoken_jti_hex_d9bdf6f7_uniq UNIQUE (jti);


--
-- Name: token_blacklist_outstandingtoken token_blacklist_outstandingtoken_pkey; Type: CONSTRAINT; Schema: public; Owner: admin_identity
--

ALTER TABLE ONLY public.token_blacklist_outstandingtoken
    ADD CONSTRAINT token_blacklist_outstandingtoken_pkey PRIMARY KEY (id);


--
-- Name: users_auditlog users_auditlog_pkey; Type: CONSTRAINT; Schema: public; Owner: admin_identity
--

ALTER TABLE ONLY public.users_auditlog
    ADD CONSTRAINT users_auditlog_pkey PRIMARY KEY (id);


--
-- Name: users_user users_user_email_key; Type: CONSTRAINT; Schema: public; Owner: admin_identity
--

ALTER TABLE ONLY public.users_user
    ADD CONSTRAINT users_user_email_key UNIQUE (email);


--
-- Name: users_user_groups users_user_groups_pkey; Type: CONSTRAINT; Schema: public; Owner: admin_identity
--

ALTER TABLE ONLY public.users_user_groups
    ADD CONSTRAINT users_user_groups_pkey PRIMARY KEY (id);


--
-- Name: users_user_groups users_user_groups_user_id_group_id_b88eab82_uniq; Type: CONSTRAINT; Schema: public; Owner: admin_identity
--

ALTER TABLE ONLY public.users_user_groups
    ADD CONSTRAINT users_user_groups_user_id_group_id_b88eab82_uniq UNIQUE (user_id, group_id);


--
-- Name: users_user users_user_pkey; Type: CONSTRAINT; Schema: public; Owner: admin_identity
--

ALTER TABLE ONLY public.users_user
    ADD CONSTRAINT users_user_pkey PRIMARY KEY (id);


--
-- Name: users_user_user_permissions users_user_user_permissions_pkey; Type: CONSTRAINT; Schema: public; Owner: admin_identity
--

ALTER TABLE ONLY public.users_user_user_permissions
    ADD CONSTRAINT users_user_user_permissions_pkey PRIMARY KEY (id);


--
-- Name: users_user_user_permissions users_user_user_permissions_user_id_permission_id_43338c45_uniq; Type: CONSTRAINT; Schema: public; Owner: admin_identity
--

ALTER TABLE ONLY public.users_user_user_permissions
    ADD CONSTRAINT users_user_user_permissions_user_id_permission_id_43338c45_uniq UNIQUE (user_id, permission_id);


--
-- Name: auth_group_name_a6ea08ec_like; Type: INDEX; Schema: public; Owner: admin_identity
--

CREATE INDEX auth_group_name_a6ea08ec_like ON public.auth_group USING btree (name varchar_pattern_ops);


--
-- Name: auth_group_permissions_group_id_b120cbf9; Type: INDEX; Schema: public; Owner: admin_identity
--

CREATE INDEX auth_group_permissions_group_id_b120cbf9 ON public.auth_group_permissions USING btree (group_id);


--
-- Name: auth_group_permissions_permission_id_84c5c92e; Type: INDEX; Schema: public; Owner: admin_identity
--

CREATE INDEX auth_group_permissions_permission_id_84c5c92e ON public.auth_group_permissions USING btree (permission_id);


--
-- Name: auth_permission_content_type_id_2f476e4b; Type: INDEX; Schema: public; Owner: admin_identity
--

CREATE INDEX auth_permission_content_type_id_2f476e4b ON public.auth_permission USING btree (content_type_id);


--
-- Name: django_admin_log_content_type_id_c4bce8eb; Type: INDEX; Schema: public; Owner: admin_identity
--

CREATE INDEX django_admin_log_content_type_id_c4bce8eb ON public.django_admin_log USING btree (content_type_id);


--
-- Name: django_admin_log_user_id_c564eba6; Type: INDEX; Schema: public; Owner: admin_identity
--

CREATE INDEX django_admin_log_user_id_c564eba6 ON public.django_admin_log USING btree (user_id);


--
-- Name: django_session_expire_date_a5c62663; Type: INDEX; Schema: public; Owner: admin_identity
--

CREATE INDEX django_session_expire_date_a5c62663 ON public.django_session USING btree (expire_date);


--
-- Name: django_session_session_key_c0390e0f_like; Type: INDEX; Schema: public; Owner: admin_identity
--

CREATE INDEX django_session_session_key_c0390e0f_like ON public.django_session USING btree (session_key varchar_pattern_ops);


--
-- Name: token_blacklist_outstandingtoken_jti_hex_d9bdf6f7_like; Type: INDEX; Schema: public; Owner: admin_identity
--

CREATE INDEX token_blacklist_outstandingtoken_jti_hex_d9bdf6f7_like ON public.token_blacklist_outstandingtoken USING btree (jti varchar_pattern_ops);


--
-- Name: token_blacklist_outstandingtoken_user_id_83bc629a; Type: INDEX; Schema: public; Owner: admin_identity
--

CREATE INDEX token_blacklist_outstandingtoken_user_id_83bc629a ON public.token_blacklist_outstandingtoken USING btree (user_id);


--
-- Name: users_auditlog_user_id_650163a4; Type: INDEX; Schema: public; Owner: admin_identity
--

CREATE INDEX users_auditlog_user_id_650163a4 ON public.users_auditlog USING btree (user_id);


--
-- Name: users_user_email_243f6e77_like; Type: INDEX; Schema: public; Owner: admin_identity
--

CREATE INDEX users_user_email_243f6e77_like ON public.users_user USING btree (email varchar_pattern_ops);


--
-- Name: users_user_groups_group_id_9afc8d0e; Type: INDEX; Schema: public; Owner: admin_identity
--

CREATE INDEX users_user_groups_group_id_9afc8d0e ON public.users_user_groups USING btree (group_id);


--
-- Name: users_user_groups_user_id_5f6f5a90; Type: INDEX; Schema: public; Owner: admin_identity
--

CREATE INDEX users_user_groups_user_id_5f6f5a90 ON public.users_user_groups USING btree (user_id);


--
-- Name: users_user_user_permissions_permission_id_0b93982e; Type: INDEX; Schema: public; Owner: admin_identity
--

CREATE INDEX users_user_user_permissions_permission_id_0b93982e ON public.users_user_user_permissions USING btree (permission_id);


--
-- Name: users_user_user_permissions_user_id_20aca447; Type: INDEX; Schema: public; Owner: admin_identity
--

CREATE INDEX users_user_user_permissions_user_id_20aca447 ON public.users_user_user_permissions USING btree (user_id);


--
-- Name: auth_group_permissions auth_group_permissio_permission_id_84c5c92e_fk_auth_perm; Type: FK CONSTRAINT; Schema: public; Owner: admin_identity
--

ALTER TABLE ONLY public.auth_group_permissions
    ADD CONSTRAINT auth_group_permissio_permission_id_84c5c92e_fk_auth_perm FOREIGN KEY (permission_id) REFERENCES public.auth_permission(id) DEFERRABLE INITIALLY DEFERRED;


--
-- Name: auth_group_permissions auth_group_permissions_group_id_b120cbf9_fk_auth_group_id; Type: FK CONSTRAINT; Schema: public; Owner: admin_identity
--

ALTER TABLE ONLY public.auth_group_permissions
    ADD CONSTRAINT auth_group_permissions_group_id_b120cbf9_fk_auth_group_id FOREIGN KEY (group_id) REFERENCES public.auth_group(id) DEFERRABLE INITIALLY DEFERRED;


--
-- Name: auth_permission auth_permission_content_type_id_2f476e4b_fk_django_co; Type: FK CONSTRAINT; Schema: public; Owner: admin_identity
--

ALTER TABLE ONLY public.auth_permission
    ADD CONSTRAINT auth_permission_content_type_id_2f476e4b_fk_django_co FOREIGN KEY (content_type_id) REFERENCES public.django_content_type(id) DEFERRABLE INITIALLY DEFERRED;


--
-- Name: django_admin_log django_admin_log_content_type_id_c4bce8eb_fk_django_co; Type: FK CONSTRAINT; Schema: public; Owner: admin_identity
--

ALTER TABLE ONLY public.django_admin_log
    ADD CONSTRAINT django_admin_log_content_type_id_c4bce8eb_fk_django_co FOREIGN KEY (content_type_id) REFERENCES public.django_content_type(id) DEFERRABLE INITIALLY DEFERRED;


--
-- Name: django_admin_log django_admin_log_user_id_c564eba6_fk_users_user_id; Type: FK CONSTRAINT; Schema: public; Owner: admin_identity
--

ALTER TABLE ONLY public.django_admin_log
    ADD CONSTRAINT django_admin_log_user_id_c564eba6_fk_users_user_id FOREIGN KEY (user_id) REFERENCES public.users_user(id) DEFERRABLE INITIALLY DEFERRED;


--
-- Name: token_blacklist_blacklistedtoken token_blacklist_blacklistedtoken_token_id_3cc7fe56_fk; Type: FK CONSTRAINT; Schema: public; Owner: admin_identity
--

ALTER TABLE ONLY public.token_blacklist_blacklistedtoken
    ADD CONSTRAINT token_blacklist_blacklistedtoken_token_id_3cc7fe56_fk FOREIGN KEY (token_id) REFERENCES public.token_blacklist_outstandingtoken(id) DEFERRABLE INITIALLY DEFERRED;


--
-- Name: token_blacklist_outstandingtoken token_blacklist_outs_user_id_83bc629a_fk_users_use; Type: FK CONSTRAINT; Schema: public; Owner: admin_identity
--

ALTER TABLE ONLY public.token_blacklist_outstandingtoken
    ADD CONSTRAINT token_blacklist_outs_user_id_83bc629a_fk_users_use FOREIGN KEY (user_id) REFERENCES public.users_user(id) DEFERRABLE INITIALLY DEFERRED;


--
-- Name: users_auditlog users_auditlog_user_id_650163a4_fk_users_user_id; Type: FK CONSTRAINT; Schema: public; Owner: admin_identity
--

ALTER TABLE ONLY public.users_auditlog
    ADD CONSTRAINT users_auditlog_user_id_650163a4_fk_users_user_id FOREIGN KEY (user_id) REFERENCES public.users_user(id) DEFERRABLE INITIALLY DEFERRED;


--
-- Name: users_user_groups users_user_groups_group_id_9afc8d0e_fk_auth_group_id; Type: FK CONSTRAINT; Schema: public; Owner: admin_identity
--

ALTER TABLE ONLY public.users_user_groups
    ADD CONSTRAINT users_user_groups_group_id_9afc8d0e_fk_auth_group_id FOREIGN KEY (group_id) REFERENCES public.auth_group(id) DEFERRABLE INITIALLY DEFERRED;


--
-- Name: users_user_groups users_user_groups_user_id_5f6f5a90_fk_users_user_id; Type: FK CONSTRAINT; Schema: public; Owner: admin_identity
--

ALTER TABLE ONLY public.users_user_groups
    ADD CONSTRAINT users_user_groups_user_id_5f6f5a90_fk_users_user_id FOREIGN KEY (user_id) REFERENCES public.users_user(id) DEFERRABLE INITIALLY DEFERRED;


--
-- Name: users_user_user_permissions users_user_user_perm_permission_id_0b93982e_fk_auth_perm; Type: FK CONSTRAINT; Schema: public; Owner: admin_identity
--

ALTER TABLE ONLY public.users_user_user_permissions
    ADD CONSTRAINT users_user_user_perm_permission_id_0b93982e_fk_auth_perm FOREIGN KEY (permission_id) REFERENCES public.auth_permission(id) DEFERRABLE INITIALLY DEFERRED;


--
-- Name: users_user_user_permissions users_user_user_permissions_user_id_20aca447_fk_users_user_id; Type: FK CONSTRAINT; Schema: public; Owner: admin_identity
--

ALTER TABLE ONLY public.users_user_user_permissions
    ADD CONSTRAINT users_user_user_permissions_user_id_20aca447_fk_users_user_id FOREIGN KEY (user_id) REFERENCES public.users_user(id) DEFERRABLE INITIALLY DEFERRED;


--
-- PostgreSQL database dump complete
--

\unrestrict KkKJ76n2aeagSBNHvmcpY1nKtqTAjpXg5W9SyywPUZDEsfe7gpw3gJGfJCdibEc

--
-- Database "postgres" dump
--

--
-- PostgreSQL database dump
--

\restrict xlT6bRqcf2w9hDLk2bVi2NEmf0KxSfZiOYw7lemfFhCPKcbAViBrhfD87siLPwj

-- Dumped from database version 15.17
-- Dumped by pg_dump version 15.17

SET statement_timeout = 0;
SET lock_timeout = 0;
SET idle_in_transaction_session_timeout = 0;
SET client_encoding = 'UTF8';
SET standard_conforming_strings = on;
SELECT pg_catalog.set_config('search_path', '', false);
SET check_function_bodies = false;
SET xmloption = content;
SET client_min_messages = warning;
SET row_security = off;

DROP DATABASE postgres;
--
-- Name: postgres; Type: DATABASE; Schema: -; Owner: admin_identity
--

CREATE DATABASE postgres WITH TEMPLATE = template0 ENCODING = 'UTF8' LOCALE_PROVIDER = libc LOCALE = 'en_US.utf8';


ALTER DATABASE postgres OWNER TO admin_identity;

\unrestrict xlT6bRqcf2w9hDLk2bVi2NEmf0KxSfZiOYw7lemfFhCPKcbAViBrhfD87siLPwj
\connect postgres
\restrict xlT6bRqcf2w9hDLk2bVi2NEmf0KxSfZiOYw7lemfFhCPKcbAViBrhfD87siLPwj

SET statement_timeout = 0;
SET lock_timeout = 0;
SET idle_in_transaction_session_timeout = 0;
SET client_encoding = 'UTF8';
SET standard_conforming_strings = on;
SELECT pg_catalog.set_config('search_path', '', false);
SET check_function_bodies = false;
SET xmloption = content;
SET client_min_messages = warning;
SET row_security = off;

--
-- Name: DATABASE postgres; Type: COMMENT; Schema: -; Owner: admin_identity
--

COMMENT ON DATABASE postgres IS 'default administrative connection database';


--
-- PostgreSQL database dump complete
--

\unrestrict xlT6bRqcf2w9hDLk2bVi2NEmf0KxSfZiOYw7lemfFhCPKcbAViBrhfD87siLPwj

--
-- PostgreSQL database cluster dump complete
--

